Actual,Pred_by_Title,pred_by_body,pred_by_ques,pred_by_OR
response list web-services,web-services,web-services,web-services,web-services
json-encode ajax php,php,ajax php,ajax php,ajax php
upgrade windows-7,windows-7,windows windows-7,windows windows-7,windows windows-7
prime-numbers,,,,
django database python,django python,django,django,django python
newline c,,,,
navigation android,,android,android,android
android web-services,,android,android,android
conflict version-control merge git,git merge,git,git merge,git merge
cocos2d-iphone cocos2d objective-c iphone,cocos2d cocos2d-iphone ios iphone,,,cocos2d cocos2d-iphone ios iphone
closures compilation google text,css,css,css,css
visual-studio-2012 c++ windows,c++ windows,,c++,c++ windows
jquery,,jquery,,jquery
utf-8 encoding date java,encoding,java,java,encoding java
cross-browser asp.net,,,,
asp.net web-services javascript,,asp.net c# javascript,asp.net c# javascript,asp.net c# javascript web-services
jsf jquery,,jquery,jquery,jquery
mod-wsgi django apache2 python,apache apache2,django python,django python,apache django python
android-intent android,,android,android,android
binary file c++,,c++,c++,c++
sharepoint-designer compression sharepoint,,,,
haml jquery,javascript jquery,,jquery,jquery
ipad objective-c,,google-maps map,google-maps,google-maps map
adobe-cs5,pdf,,,pdf
mvvm castle-windsor wpf c#,c#,,,c#
wcf,wcf,,wcf,wcf
c#,,c#,c#,c#
blackberry,blackberry,,,blackberry
android,,,,
sql-server-2008,linux sql-server,sockets,sockets,linux sockets sql-server
global wordpress php,arrays php,php wordpress,php,arrays javascript php wordpress
ios-simulator xcode4 apple ipad ios,ipad,ios ipad iphone objective-c xcode,ios ipad xcode,ios ipad objective-c xcode
perl,xml,xml,perl xml,perl xml
jquery,html javascript jquery,javascript jquery,javascript jquery,javascript jquery
gwt,gwt,,,gwt
linq c#,c# linq,loop,,c# linq loop
python,python,,python,python
nsstring objective-c,ios iphone objective-c,,ios,ios objective-c
lvm linux,,,,
oracle sql hibernate,sql,,,mysql sql
dotnetnuke paypal transactions post asp.net,,payment-gateway paypal paypal-api,payment-gateway paypal paypal-api,payment-gateway paypal paypal-api
excel java,excel,eclipse java,eclipse java,eclipse excel java
templates c++,,c++,c c++,c c++
datacontext mocking linq-to-sql unit-testing c#,c# linq unit-testing,,,c# linq linq-to-sql unit-testing
sql-server database-design performance,sql sql-server,,sql-server,sql sql-server
asynchronous queue playframework,,,,
export,,,,
apache,,,,
android,permissions,android,android,android permissions
restore backup,,,,
blackberry java,,android,,android
sql-server sql programming-languages php,php,php,php,php
ring-theory complex-analysis,,,,
mocking unit-testing rhino-mocks asp.net-mvc asp.net,,unit-testing,unit-testing,unit-testing
postfix email smtp ubuntu,,vps,postfix,postfix vps
jsp jquery,,javascript jquery,javascript jquery,javascript jquery
c++ multithreading,multithreading,,,multithreading
autocomplete jquery-ui,javascript jquery jquery-ui json,javascript jquery,javascript jquery jquery-ui,javascript jquery jquery-ui json
unix shell,unix,,,unix
python,list python,python,python,list python
entity-framework-4,,,,
zend-framework2 apache php,class,php zend-framework,php zend-framework,class php zend-framework
nhibernate c#,nhibernate,mysql,mysql,mysql nhibernate
datetime date c#,,,,
c#,,,,
wordpress-plugin widget wordpress query php,,php wordpress,php wordpress,php
cocos2d-iphone objective-c,,,,
z-index dom html javascript,html image select,html javascript jquery,css html javascript,css html image javascript
html5 iphone,ios iphone objective-c,iphone,iphone,ios iphone objective-c
directx,,,,
http-referer php,http php,ajax php,ajax php,ajax http php
serialization flex actionscript-3 java,actionscript-3 java sockets,java,java,actionscript-3 java sockets
separator ios,ios,,,ios
json jquery,,jquery php r,jquery php plot,jquery php
authorization tfs soap javascript,javascript soap tfs,,,javascript soap tfs
command-line,python,python,python,python
storage replication backup synchronization,,,,
sendmail python linux,authentication python,authentication python,authentication python,authentication python
android,,android eclipse,android,android eclipse
select mysql php,mysql php,,mysql php,mysql php
,,,,
power networking,,,,
android,,,,
xhtml html,,,,
entity nullreferenceexception linq entity-framework asp.net,linq,sql sql-server,sql-server,linq sql sql-server
history,,,,
sql,sql sql-server,,,sql sql-server
msbuild,asp.net-mvc,,,asp.net-mvc
service android multithreading,,android multithreading,android multithreading,android multithreading
qt,http,,,http
entity-framework-4 entity-framework,,entity-framework,,
schema xhtml xml,xml,,xml,xml
jsp eclipse,eclipse,,textarea,eclipse
sms android-emulator android,android,android java,android java,android java
aggregate-functions sql,,,,
unix security,,c++,c++,c++
qt c++,,,,
qt4 qt deployment,,,,
heredoc variables bash,bash,,,bash
ruby-on-rails-3,,,,
azure,azure sql,azure windows,azure,azure sql windows
visual-studio c++ windows,dll,dll visual-studio-2010,dll visual-studio-2010,dll visual-studio-2010
stdout stream ffmpeg stdin file,,,,
ggplot2 r,,,,
cookies codeigniter,codeigniter php,php,php,codeigniter php
wordpress mysql php,,mysql,php,php
compression asp.net,caching,,,caching
css-transitions css3,css3,css,,css css3
email codeigniter,codeigniter php,,email,codeigniter php
css html,css,css html,css html,css html
default configuration visual-studio-2010,c++ visual-studio visual-studio-2010,,,c++ visual-studio visual-studio-2010
google-maps-api-3 api,google-chrome google-maps google-maps-api-3,google-maps google-maps-api-3,google-maps google-maps-api-3,google-chrome google-maps google-maps-api-3
user oracle schema object,oracle,,,oracle
iphone,calendar,,,calendar
sqlite3,sqlite,sqlite,sqlite,sqlite
hlsl xna,,,,
virtualization,,,,
uiviewcontroller ios5 xcode uiview iphone,,,,
differential-geometry,,,,
usb networking,usb,usb,usb,usb
escaping php,php,,php,php
google-app-engine java,google-app-engine,java,google-app-engine java,google-app-engine java
asp.net-mvc-3 asp.net-mvc jquery javascript validation,ajax asp.net-mvc asp.net-mvc-3,asp.net-mvc-3,asp.net-mvc-3,ajax asp.net-mvc asp.net-mvc-3
android,,,,
svn,svn,svn,svn,svn
css html,html,css,css html,css html
elementary-set-theory,,,,
xaml binding c#,c#,,,c#
osx-snow-leopard osx mysql,mysql php sockets,mysql,mysql,linux mysql php sockets
dialog android,,,,
algebraic-topology,,,,
xcode iphone,facebook facebook-graph-api ios,facebook,facebook,facebook facebook-graph-api ios
css,css html internet-explorer,css html,css html javascript,css html internet-explorer
oracle table database,oracle sql,oracle sql,oracle sql,oracle sql
core-data uitableview mysql iphone,database mysql php,mysql,mysql,database mysql php
url-rewriting zend-framework routing,php zend-framework,php,php zend-framework,php zend-framework
android,,,,
checkbox forms jquery javascript,checkbox javascript jquery,jquery,jquery,checkbox javascript jquery
delphi-xe2 delphi,,,,
process java,java,,,java
streaming windows-7 c#,windows-7,,,windows-7
php java,php r,,php,php r
header legend html,,,,
executable programming-languages,,,,
sqlite sqlite3 c,,sqlite sqlite3,sqlite sqlite3,sqlite sqlite3
mysql php,,mysql php,mysql php,mysql php
time-series r,latex r,,,latex r
visual-studio,,,,
magento,magento,,,magento
download google-chrome,download,,,
arch-linux installation linux,linux,,,linux
django sql,django python sql,django,django sql,django python sql
matrices linear-algebra,,,,
java,java,,,java
navigation dom jquery,asp.net jquery,jquery,jquery,asp.net jquery
ios objective-c iphone,,,,
apache2 linux,,,,
ios5 bluetooth frameworks iphone,bluetooth ios,iphone,iphone,bluetooth ios
wcf asp.net .net c#,,,,
numbers types php,,,,
dotnetnuke cookies,dotnetnuke,,,dotnetnuke editor
static magento php,magento,,,magento
listbox filter,,c#,c#,c#
android graphics bitmap,android image,android,android,android image
javascript,,,,
httpresponse http caching,,,,
exists select mysql php,mysql sql,,mysql,mysql sql
ajax php jquery,javascript jquery,ajax jquery php,ajax jquery php,ajax javascript jquery php
google-chrome-extension safari javascript,safari,google-chrome,google-chrome,google-chrome safari
functional-programming,,,,
class reflection generics c#,c#,c#,c#,c#
background c,c,c,c,c
reporting-services,,crystal-reports reporting-services,reporting-services,crystal-reports reporting-services
winforms c#,jquery,c#,c#,c# jquery
outofmemoryexception memory sql android,android,,,android
content-management-system,,,,
uiwebview,,,,
haskell,exception,,,
sharepoint,sharepoint,,,sharepoint
market android java,,,,
debian apache,apache apache2,,,apache apache2
ios objective-c iphone,ios iphone objective-c,,,ios iphone objective-c
.htaccess apache2 php linux,apache php,,,apache php
iphone,iphone,ios iphone,iphone iphone-sdk-4.0,ios iphone
javascript,javascript,,javascript,javascript
iphone,,objective-c,objective-c,objective-c
symfony doctrine php,database,,,
wireless-networking internet,,,,
c++,c++,c++,c++,c++
desktop-computer laptop,,usb,usb,usb
django python,class django python,class django,class django,class django python
scala,scala,scala,scala,scala
dom jquery javascript,,,,
xcode4 ios iphone,ios xcode,xcode,xcode,ios xcode
java,,,,
json ipad ios objective-c iphone,,ios,ios iphone,ios
python,python,,python,python
amazon double php,,,,
merge,,,,
python,python,python,python,python
json php jquery javascript,,jquery php,jquery php,html jquery php
heroku ssl,ssl,certificate ssl,certificate heroku ssl,certificate ssl
android-emulator eclipse android,,android,android,android
uitabbarcontroller uitabbar phonegap,,,javascript,
httpwebrequest post c#,,,,
google-maps,google-maps google-maps-api-3,google-maps,google-maps google-maps-api-3,google-maps google-maps-api-3
ruby-on-rails-3 ruby-on-rails,rest ruby-on-rails ruby-on-rails-3,,ruby-on-rails ruby-on-rails-3,rest ruby-on-rails ruby-on-rails-3
model user-interface,,javascript,,
json web-services java,java json,json,java json,java json
data-structures java,,,,
apache2 mysql,,python,python,python
xml java,java xml,xml,xml,java xml
grep syntax regex linux,,regex,regex,regex
microsoft-word,,,,
self-improvement rest apache java,,,,
python mysql,mysql,mysql python,mysql python,mysql python
,,,,
canvas html5 codeigniter php jquery,html5,html javascript,html javascript,html html5 javascript
select sql,select sql sql-server,,sql,select sql sql-server
algebraic-geometry,,,,
data-binding wpf,c# wpf,c# wpf,c# wpf,c# wpf
underscore.js arrays jquery javascript,,javascript jquery,javascript jquery,javascript jquery
spotify,,spotify,spotify,spotify
selecteditem expandablelistview android,,android,android,android
kml gps python csv,csv python,,,csv python
3d xna visual-studio-2010,,,c#,
garbage-collection memory .net,,,,
uisplitviewcontroller uitableview iphone,,ios,ios,ios objective-c
books,,,,
javascript,javascript jquery,javascript jquery,javascript jquery,javascript jquery
titanium iphone,iphone,iphone,iphone,iphone
asp.net,html jquery,,,html
java,,multithreading,,multithreading
cloud vps .net,,,,
lines string php text,,php,php,php
tsql sql-server-2005,stored-procedures,sql sql-server,sql sql-server,sql-server stored-procedures
node.js multithreading,multithreading,multithreading,multithreading,multithreading
mfc c++,,,,
xaml silverlight wpf,,,,
data-recovery hard-drive,,,,
f# mono,f# mono,,,mono
mstest visual-studio-2010,,,,
django-views django-templates django-forms django,,django,django,django
memory mapping linux,,,,
python-2.7 python,,python sockets,python sockets,python sockets
netbeans mobile java,netbeans,java,java netbeans,java netbeans
c++,c++ pointers,c++ class,c++,c++ class pointers
jquery-autocomplete jquery-ui jquery,,jquery,jquery,jquery
height asp.net iframe,,asp.net html iframe javascript,asp.net css html iframe javascript jquery,asp.net css html iframe javascript
colors cocos2d animation,cocos2d-iphone css,,,cocos2d-iphone
wireless-networking connection,,,,
regex asp.net,regex,asp.net c# regex,asp.net regex,asp.net c# regex
django android,android django,android,android django layout,android django
pointers cuda c++ c,pointers,c++,c++,c++ pointers
activemq jms,,,,
.net-4.0 ajax asp.net .net c#,ajax asp.net jquery,asp.net html,asp.net,ajax asp.net html jquery
variables arrays javascript,javascript variables,,,javascript variables
conversion microsoft-word html,html,,,html
asynchronous node.js javascript,,javascript,javascript,javascript
lines eclipse,eclipse,eclipse,eclipse,eclipse
tomcat httpd,apache apache2 tomcat,apache tomcat,apache apache2 tomcat,apache apache2 tomcat
gevent,,python sockets,python sockets,python sockets
opengl-es android,opengl,,,opengl
jquery,,,,ajax
return methods java,java,,,java
udp network-programming c++,,c++,,c++
timer django ajax security,ajax django jquery,ajax javascript,ajax javascript,ajax django javascript jquery
,,,,
c#,c#,c#,c#,c#
android-layout android,,android,android,android
decompression c#,c#,java,c# java,c# java
fluent-nhibernate nhibernate,fluent-nhibernate nhibernate,,fluent-nhibernate nhibernate,fluent-nhibernate nhibernate
html5 mobile php,,,,
url-routing codeigniter php,codeigniter,,,codeigniter
winforms c#,,,,
openssl,,,,
tkinter python,python tkinter,python,python,python tkinter
nullpointerexception jpanel arrays java,java,java,java swing,java
.net c#,,c#,c#,c#
ipad ios iphone,,,,
performance c,,,,
grails,,asp.net-mvc,,asp.net-mvc
tips-and-tricks performance,,keyboard,keyboard,keyboard
wpf c#,c# wpf,c#,c# xml,c# wpf
repository ivy java,,ivy java maven,ivy java maven,ivy java maven
extjs codeigniter,extjs google-app-engine,codeigniter extjs php,codeigniter extjs extjs4,codeigniter extjs
mongodb,,audio,audio,audio
mediaelement.js media html5 javascript,,,,
nameserver dns,,,,
return javascript,,javascript,javascript,javascript
regex c#,c# regex,,c#,c# regex
spring,java spring spring-mvc spring-security,java,java,java spring spring-mvc spring-security
dllimport c#,c#,,c#,c#
django objective-c iphone,django iphone,django iphone,django iphone,django iphone
ios5 facebook phonegap ios,facebook facebook-graph-api,facebook phonegap,facebook phonegap,facebook phonegap
openlayers google-maps,firefox google-chrome google-maps-api-3 internet-explorer javascript,,google-maps,firefox google-chrome google-maps-api-3 internet-explorer
plone,,,,
development-environment hosting osx php,,,,
uinavigationcontroller ios iphone,,iphone,iphone,iphone
xetex fontspec fonts,,,,
animation layout css javascript,javascript,css jquery,css jquery,css javascript jquery
horizontal-alignment,,,,
jquery,,jquery,jquery,jquery
drupal,drupal,,,drupal
polymorphism performance php,performance php,,,performance php
ruby-on-rails-3.2 activerecord ruby-on-rails,,ruby ruby-on-rails ruby-on-rails-3,ruby ruby-on-rails ruby-on-rails-3,ruby ruby-on-rails ruby-on-rails-3
system command php,php,,,php
voip,,,,
ip,,,,
algebraic-geometry,,,,
simplexml xpath xml php,php,xml,php xml,php xml
templates django python,django,django,django,django
ruby-on-rails,ruby-on-rails ruby-on-rails-3,ruby-on-rails,ruby-on-rails ruby-on-rails-3,ruby-on-rails ruby-on-rails-3
java,arrays sorting,java,java,arrays java sorting
iis asp.net,.net asp.net,.net asp.net iis,.net asp.net iis,.net asp.net iis
wamp xampp windows-xp security,,,,
exists url php,,php,php,php
datetime c#,,,,
.net html javascript,.net http,javascript,javascript,.net http javascript
paypal php,,php,,php
probability linear-algebra,,,,
asp.net-mvc-2 asp.net-mvc,asp.net asp.net-mvc,asp.net-mvc c#,asp.net-mvc c#,asp.net asp.net-mvc c#
twitter-api xmlhttprequest json javascript,json,jquery json,json,jquery json
xaml data-binding wpf,,wpf,wpf,wpf
wordpress-plugin wordpress,wordpress,,php,php wordpress
extjs javascript,,extjs javascript,extjs javascript,extjs javascript
streaming android application,android,android,android,android
timezone date java,,java,java,java
table-of-contents,,sectioning,sectioning,sectioning
c#,c# excel,,c#,c# excel
methods find java,,java,java,
android-intent android,android,android,android,android
php javascript,jquery,,,jquery
global-asax asp.net,caching,asp.net,,asp.net caching
jquery,jquery,,,jquery
listview android java,android listview,android java,android java,android java listview
ruby arrays,arrays,arrays multidimensional-array php,arrays multidimensional-array php,arrays multidimensional-array php
,image,,,image
css jquery,android,image,image,image
java,java,java printing,printing,java printing
datepicker events jquery,events javascript jquery jquery-ui,javascript jquery,javascript jquery,events javascript jquery jquery-ui
api rubygems ruby ruby-on-rails-3,api http ruby ruby-on-rails,,,api ruby ruby-on-rails
sqlite android java,,java,java,arrays java
assembly ios,iphone mac osx windows,iphone,iphone,iphone mac windows
ruby,ruby,,,ruby
php javascript,,php,php,php
push-notification view iphone,,notifications,,notifications
regex python,python regex,python regex,python regex,python regex
observablecollection wpf c#,,,,
rest soap wcf .net web-services,soap wcf,wcf,c# wcf,soap wcf
jquery-ui,jquery jquery-ui,jquery winforms,jquery jquery-ui,jquery jquery-ui winforms
html jquery,jquery,,,html jquery
input shell android,android,android,android,android
sockets android,android,sockets,sockets,android sockets
g++ linker c++,c++,c++,c++,c++
audio eclipse android,android audio eclipse,,audio,android audio eclipse
imap gmail python,email python,email,email,email python
mysql php,backup database php,mysql php,mysql php,backup database mysql php
php,php static,class,class,class php static
imageview remote uri android,image,android java,android java,android image java
mootools javascript,mootools,,,mootools
repository entity-framework-4 entity-framework c#,entity-framework,c#,c# entity-framework,c# entity-framework
casting pointers c++,c c++ pointers,c++,c++,c c++ pointers
visual-studio c#,,c#,c#,c#
zend-framework windows,windows,,,windows
memory-allocation corruption c,c memory,c,c,c memory
encryption passwords sql-server types,sql-server,sql-server,,sql-server sql-server-2005
oracle database query,oracle,,,oracle
windows-xp,,,,
itextsharp c#,formatting,,,formatting
gwt eclipse,gwt,java,java,eclipse gwt java
data-binding vb.net,,c# vb.net winforms,vb.net winforms,c# vb.net winforms
ado.net c#,,,,
regex c#,,regex,php regex,regex
ruby-on-rails,,ruby-on-rails,ruby-on-rails,ruby-on-rails
video-capture java,video,video,video,video
iptables routing networking,,,,
asp.net javascript,javascript,javascript jquery,javascript,html javascript jquery
flash javascript,flash javascript,flash javascript,flash javascript,flash javascript
documentation asp.net-mvc,ajax asp.net-mvc,,asp.net-mvc,ajax asp.net-mvc
auto-update android,android,,android,android
tutorials wss-3.0 sharepoint2007 sharepoint,sharepoint,sharepoint,2010 sharepoint sharepoint2007 sharepoint2010,sharepoint
jsp,java jsp,jsp,jsp,java jsp
noconflict dreamweaver jquery,javascript jquery,jquery,jquery,javascript jquery
air activity home android,android,android events flash,android events,android events flash
android,,json,json,json
imagemagick ruby-on-rails-3 ruby-on-rails,,,,
,,,,
zend-framework,caching zend-framework,caching zend-framework,caching zend-framework,caching zend-framework
tcp .net c#,,,,
asp.net-mvc-4 c#,,,,
directx books c++,,books c++ directx,directx,books c++ directx
drawable android,android,android,android,android
c++ c#,arrays c# c++,,,arrays c# c++
gwt google-app-engine,gwt,collections,,gwt
caching ajax security web-services,web-services,,web-services,web-services
jsp locale javascript java internationalization,javascript jquery,javascript,javascript,javascript jquery jsp
thickbox jquery,flash,flash,flash,flash
oracle10g oracle sql,oracle,sql,oracle sql timestamp,oracle sql
subquery greatest-n-per-group mysql,,database mysql sql,database mysql sql,mysql sql
class delegates methods object c#,c++ class oop,class,class oop,c++ class java oop
flash,flash,flash,flash,actionscript-3 flash
lucene,,,,
z-index span div css html,css,,,css
report object magento arrays,arrays magento,magento php ruby-on-rails,magento php,arrays magento php ruby-on-rails
editor eclipse logging,eclipse java,,,eclipse
python csv,csv python,csv python,csv python,csv python
,,,,
postgresql,postgresql,,postgresql,postgresql
svn eclipse,svn,svn,svn,svn
publish asp.net-mvc,visual-studio visual-studio-2008 visual-studio-2010,,,visual-studio visual-studio-2008 visual-studio-2010
.net c#,,,,
.net wpf,,,,
hash coding-style perl string,hash perl string,android hash perl,android hash java string,android hash perl string
mouse windows-7,,,,
codeigniter activerecord php,codeigniter php,,,codeigniter php
git,,git,,git
asp.net-mvc,asp.net asp.net-mvc,asp.net-mvc,asp.net-mvc,asp.net asp.net-mvc
parallel-processing matlab,matlab,matlab,matlab,matlab
amazon mongodb symfony2 php,,,mongodb,
tags anchor name ajax,ajax,,,ajax
typo3,pdf,,,pdf
controller ruby-on-rails,,,,
image-processing ios iphone,,,,
.net web-services c#,,,,
union sql mysql php,mysql sql,mysql php,mysql php,mysql php sql
structure arrays c,arrays,,,arrays
compiler optimization,,,,
python,python,,python,python
iphone-sdk-3.0 iphone,,iphone,iphone,iphone
transformation xslt xml html,xml,,,xml
registry msi,visual-studio,,visual-studio visual-studio-2010,visual-studio
user-interface excel python,excel python,python,excel python,excel python
concurrency collections,.net multithreading,multithreading,multithreading,.net multithreading
android-webview android-emulator android javascript,android,android,android javascript,android javascript
jsp java,image java jsp,,,image java jsp
embedded sensor,,,,
div css html,css,css,css,css
utf-8 html-encode php,html,,,html
samba,linux windows,,windows,linux windows
seo google,,,xml,
table database mysql,database mysql,mysql,mysql,database mysql
sed,,,,
custom-post-types custom-taxonomy permalinks,wordpress,,,wordpress
mysqli php,,php,php,php
android,android,php,android php,android php
angularjs,,,,
backbone.js javascript,,backbone.js,javascript,css
android,android,android,android,android
facebook,facebook facebook-graph-api video,,facebook,facebook facebook-graph-api video
mobile image android,,android,android,android
actionscript mocking unit-testing actionscript-3,events,c#,c#,c# events
sorting pagination table json browser,json,,json,json
tsql visual-studio-2010 c#,,,,
login script wordpress codeigniter,wordpress,wordpress,wordpress,wordpress
memory linux,linux memory,linux,memory,linux
algebraic-number-theory,,,,
,html,,html,html
wpf c#,,data-binding silverlight-4.0,data-binding silverlight-4.0,data-binding
python,asp.net python,django python,django python,asp.net django python
syntax jquery-validate forms html php,,ajax forms jquery php,ajax forms jquery php,ajax forms jquery php
url,,,,
file-sharing network-shares windows-vista,windows,,,windows
timezone datetime ruby ruby-on-rails,,,,
django-models django mysql,,django django-models,django django-models,django django-models
ios6 uicollectionview ios objective-c,,,,objective-c
ggplot2 graphics r,,r,,r
usb-flash-drive usb,usb,,usb,usb
text-editor tinymce html javascript,tinymce,,,tinymce
postback dynamic asp.net c#,,asp.net c#,asp.net c#,asp.net c#
web-applications ajax javascript,ajax,,,ajax
primefaces jsf ajax java,,,,
subdomain dns routing,subdomain,dns,dns,dns subdomain
lisp history macros scheme,,,,
div .net-3.5 asp.net css html,,asp.net,asp.net,asp.net
,,,,
vb.net,,xml,xml,xml
,,,,
command-line windows,command-line windows,,command-line,command-line windows
java,,,,
java,class,java swing,java swing,class java swing
select sql logging,sql sql-server,,,sql sql-server
jpa-2.0 orm java,,,,
ddos asynchronous ajax php javascript,ajax,ajax,ajax,ajax
web-applications http,http,http,http,http
flex json actionscript-3,flex json,flex,flex json,flex json
large-files c++ c,c c++,,,c c++
ios,,,,
windows-7,,,,
twitter-bootstrap jquery,css jquery jquery-ui twitter-bootstrap,jquery tabs,jquery tabs,css jquery jquery-ui tabs twitter-bootstrap
installation sharepoint2010 windows-7,shell,,,shell
graph facebook php,facebook facebook-graph-api php,facebook,facebook facebook-graph-api,facebook facebook-graph-api php
dojo javascript,javascript,map,javascript map,javascript map
dynamic vb.net,,vb.net,,vb.net
passwords security,,email,email,email
android,android,android,android,android
android,android,android,android,android
discrete-mathematics,regex,,regex,regex
themes vaadin css java,,css,css,css
junit spring hibernate,hibernate java spring,,,hibernate java spring
macros c++,c++,c++,c++,c++
class mootools javascript,mootools,,,mootools
java,java,java,java,java
zend-framework2,zend-framework,zend-framework,email zend-framework,zend-framework
arrays mysql php,mysql,mysql php sql,mysql php sql,mysql php sql
map google-maps android,,android google-maps,google-maps,android google-maps
coffeescript node.js javascript,javascript,,javascript,javascript
axis ggplot2 r,,,,
mac windows-7 windows,windows-7,,windows-7,windows-7
visual-studio-2010 debugging c++,,c++,,c++
iphone-sdk-3.0 xcode iphone,iphone,iphone,iphone,iphone
sdl api,,api,api,api
postgresql,postgresql,sql,sql,postgresql sql
mysql,mysql,,mysql,mysql
comments tfs visual-studio,visual-studio,,,visual-studio
div-layouts layout css graphics,,css,css,css html
interop c#,c#,c,c c#,c c#
windows-ce embedded visual-studio-2008 visual-studio-2010 visual-studio,,,,
regex,regex,regex,regex,regex
websphere-mq performance wcf,wcf,,,wcf
variables dynamic listview,javascript,c#,c# javascript,c# javascript
emacs,,emacs,emacs,emacs
aggregate-functions mongodb javascript,mongodb,,,mongodb
menu uiviewcontroller objective-c,,ios iphone objective-c,ios iphone objective-c,ios iphone objective-c
geolocation math windows-phone-7 asp.net c#,c#,,,c#
,performance,,,performance
foreach loops arrays php,arrays foreach php,php,php,foreach php
vbscript asp.net,asp.net,vb.net,asp.net,asp.net vb.net
coding-style eclipse,c++ eclipse,eclipse,c++ eclipse,c++ eclipse
nullpointerexception timer update view android,,android java,android java,android java
windows-update windows-server-2003,,,,
resources icons dll c++,c++,,,c++
callback javascript,javascript,,javascript,javascript
powershell internet-explorer-8 browser,command-line internet-explorer powershell,powershell,command-line powershell,command-line internet-explorer powershell
certificate apache2 ssl-certificate ssl,apache,,ssl,
gdi+ visual-c++ c++ winapi,c++,,,c++
cucumber unit-testing rspec ruby-on-rails,ruby-on-rails,ruby-on-rails,ruby-on-rails,ruby-on-rails
sqlite iphone,iphone objective-c sqlite,iphone sqlite,iphone sqlite sqlite3,iphone objective-c sqlite
url-rewriting permalinks mod-rewrite,c#,.htaccess,.htaccess,.htaccess c#
web-config visual-studio,sharepoint visual-studio visual-studio-2010,,visual-studio visual-studio-2010,sharepoint visual-studio visual-studio-2010
gdi+ asp.net-mvc-3,asp.net-mvc-3,,asp.net-mvc,asp.net-mvc-3
math c++,c++,c++,c++,c++
notifications iphone,ios iphone,ios iphone notifications,ios iphone,ios iphone notifications
duplicates homework c++,c++ linked-list,,,c++ linked-list
ios,api ios,,,api ios
lucene solr api search,solr,java,java,java solr
gae-datastore google-app-engine python,google-app-engine,google-app-engine,google-app-engine,google-app-engine
dataset database .net c#,.net,,,.net
ajax php jquery,,jquery,jquery,jquery
insert database android,android,,android database,android
sql-server-2012 sql-server sql,,,,
qt c++,qt,c++ qt,c++ qt,c++ qt
video-capture device driver usb,usb,usb,usb video,usb
ocaml scheme,,,,
json php,encoding json,json mysql,json mysql,encoding json mysql
environments macros,,,,
jsf-2.0 primefaces ajax,,,java,java
groovy eclipse,eclipse,,groovy,eclipse
c#-4.0 sql-server-2008 asp.net-mvc-3 asp.net java,xml,,,
public-key-encryption ssl-certificate ssl,ssl,ssl,ssl,ssl
visual-studio-2005 marker assembly visual-c++,c++,,,c++
eclipse java,java,java,java,java
visual-studio-2012 c++11 templates c++,,c++ javascript,c++ javascript,c++ javascript
yii activerecord php,,,,
vb.net,javascript,,javascript,javascript
javascript,,jquery,jquery,jquery
c#,c#,c#,c#,c#
virtualization,,,,
jquery-mobile phonegap jquery,jquery jquery-mobile phonegap,css,css,css jquery jquery-mobile phonegap
android,android,,,android
calendar django,calendar django django-models python,,django,calendar django django-models python
amazon android ios,android ios,android,ios,android ios
caching django python,caching django,,django,caching django
usb-flash-drive usb windows-installer windows,usb,,,usb
mysql php,,,php,php
gnu-screen unix,,,,
rotation android-layout animation android,android,,android,android
twitter-bootstrap css,css twitter-bootstrap,,css twitter-bootstrap,css html twitter-bootstrap
abstract-algebra,,,,
ftp open-source .net c#,.net ftp ssl,,ftp,.net ftp ssl
permutations combinatorics,,,,
reporting-services vb.net,,,vb.net,
asp.net-mvc-4,,c#,c#,c#
jquery-ui,javascript jquery,jquery jquery-ui,css jquery jquery-ui,javascript jquery jquery-ui
.net-3.5 c#,c# linq xml,c#,c#,c# linq xml
redis database,,memory,memory,memory
javascript,javascript,,,javascript
,javascript jquery,javascript,javascript,javascript jquery
entity-framework-4 asp.net-mvc-3 entity-framework c#,,,,
push arrays php,arrays php,,,arrays php
html jquery javascript,jquery,,jquery,javascript jquery
rewrite http reverse-proxy,iis,,,iis
database-connection mysql php,database mysql php,mysql php,mysql php,database mysql php
android-layout scrollview android,android,android,android,android
eclipse,eclipse eclipse-plugin java,java,eclipse java,eclipse eclipse-plugin java
facebook,facebook facebook-graph-api,facebook javascript,facebook javascript,facebook javascript
python,c++ class python,,,class python
resources jar drawable android,android,android,android,android
r,,,,
design-patterns java,,,,
location android,android,,,android
forms asp.net,asp.net jquery,asp.net,asp.net,asp.net jquery
html jquery,,javascript jquery,javascript jquery,javascript jquery
mongodb,mongodb,,mongodb,mongodb
algorithm,,,,
servlets java,,,,c#
sql mysql php,sql,,,sql
transparency c#,,,,c#
linux,,,,
code-review ruby,ruby ruby-on-rails,,,ruby
ssis c#,,sql-server,sql-server,sql-server
regex string java,java regex,java regex,java regex,java regex
dns,dns,dns,dns,dns
c,c++,,,c++
text-processing imagemagick conversion pdf,pdf,,,pdf
control mfc uitableviewcell c++,,,,
xcode cocoa-touch ios objective-c iphone,,,,
android,,android,android,android
web-services c#,visual-studio visual-studio-2008 web-services,web-services,web-services,visual-studio visual-studio-2008 web-services
internet-explorer-6 browser-compatibility css html,css,,css html,css html
python logging,python,python,python,python
widgets,html,,,html
ios,,,,
constants codeigniter php,codeigniter image,php,php,codeigniter image php
client multiplayer java,,java,java,java
uipickerview iphone,,iphone objective-c,iphone objective-c uipickerview,iphone objective-c
permissions oauth facebook,facebook facebook-graph-api javascript,,javascript,facebook javascript
,,multithreading,multithreading,multithreading
jquery javascript,jquery,,,jquery
caching asp.net .net application,asp.net caching,asp.net caching,asp.net caching,asp.net caching
x11,pointers,,,pointers
windows-phone-7 soap,soap,,soap,soap
data-structures oop swing sprite java,java,,,java
combinatorics,,,,
grails json,grails,json,json,grails json
swing java,java,java,java,java
gps,,ios,ios,ios
java-ee jpa hibernate,,hibernate java,hibernate java,hibernate java
progress-bar multithreading c#,c# multithreading,c#,c#,c# multithreading
image-processing opencv,opencv,,,opencv
documentum indexing,,,,
asp.net,asp.net,asp.net,asp.net,asp.net
css html,image,css html javascript,css javascript,css html javascript
dll jni java,dll java,.net dll,dll,.net dll java
api,,,,
linux,,tar,tar,tar
unix bash linux,,,,
flash internet-explorer actionscript-3 javascript,flash javascript jquery,events flash,events flash,events flash javascript
cakephp file-upload validation,cakephp,php,php,cakephp php
itunesconnect app-store apple,,,,
report crystal-reports vb.net visual-studio-2010,crystal-reports,,crystal-reports,crystal-reports
overflow webkit css html,,firefox safari,safari webkit,firefox safari
asp.net c#,,asp.net,asp.net,asp.net
java,java,,,java
video magento,magento video,,video,magento video
sql-server-2008 sql,sql,mysql sql,mysql sql,mysql sql
casting python,c# string,python,python,python string
jquery-ui javascript,,css jquery,css jquery,css jquery
grid gridview extjs javascript,,c# javascript jquery,c# javascript,javascript jquery
text-processing nlp statistics,,,,
web git,git,,git,git
gnu io c,,,,
opengl-es android,,,,
sql-server-2008 visual-studio asp.net c#,,c#,c#,c#
infinite-loop gcc linux,,,,
algorithm java,,,,
raid,,,,
ruby-on-rails iphone,ios ruby ruby-on-rails,ios ruby ruby-on-rails ruby-on-rails-3,ios ruby ruby-on-rails,ios ruby ruby-on-rails ruby-on-rails-3
aop .net,interface,,,interface
probability-theory homework,,homework,,
osx-snow-leopard eclipse,eclipse mac osx,eclipse,eclipse,eclipse mac osx
css,css html internet-explorer,css,css,css html internet-explorer
,,,,
microsoft-excel-2007 microsoft-excel,excel,excel,,excel
windows-7,,,,
video,command-line linux,,,command-line linux
django-templates django-admin django-forms django python,django,django forms,django,django
git,git,linux,git,git
jpa java,jpa,,,jpa
ruby-on-rails-3.2 ruby debugging,ruby-on-rails ubuntu,ruby-on-rails,ruby-on-rails ruby-on-rails-3,ruby-on-rails ubuntu
glsl opengl,,opengl,opengl,
performance osx,osx,,,osx
dell exception c#,,,,
jquery,jquery,jquery,,jquery
eclipse android java,eclipse java,android eclipse,android,android eclipse
android,,,,
hp remote laptop windows-7,,,,
return wget filenames php,,php,php,php
video-streaming caching xcode4 ipad,caching ipad video,,,caching ipad video
jquery javascript,javascript jquery,jquery,jquery,javascript jquery
yii,yii,php,php,php yii
database-design,database,,,database
scala,,,,
testing jquery javascript,javascript,javascript jquery,function javascript jquery,javascript jquery
google-apps-script,,,,
jetty maven javascript,maven,,javascript,javascript maven
http-referer .htaccess php,.htaccess http php,.htaccess,.htaccess php,.htaccess http php
silverlight-2.0 silverlight geometry,image silverlight silverlight-4.0,,,image silverlight silverlight-4.0
regex python,python regex,,python,python regex
phpmyadmin mysql,mysql,,mysql,mysql
usb windows,usb,windows,,usb windows
garbage-collection java,arrays java,,,arrays java
routing,,,,
tomcat mobile eclipse,tomcat,eclipse java tomcat,eclipse java tomcat,eclipse java tomcat
drupal-7 render,drupal drupal-6,arrays php,php,drupal drupal-6 php
elisp emacs,emacs,,,emacs
winforms c#,,c#,c#,c#
xampp php,,,,
android java,android,,,android
redis,,,redis,
r,r,,,r
mysql,mysql,mysql,mysql,mysql sql
c++,c++,c c++,c c++,c c++
android,android,,android,android
oracle windows-7,oracle,oracle,oracle,oracle
schema sql database,,,,
forms html mysql php,php,mysql php,mysql php,mysql php
web-services,,asp.net c#,asp.net c#,asp.net c#
autofocus terminology,,,,
wmi windows-server-2008 iis7,,iis,iis,iis
java,java swing,,java,java swing
pointers c,pointers,,,pointers
rhino-mocks c#,,c#,c#,c#
debian linux,,,linux,linux
fullscreen canvas html5 firefox,firefox,javascript,firefox javascript,firefox javascript
data python,python,,,python
core-data osx xcode objective-c,core-data iphone,,,core-data iphone
ios6 uiviewcontroller ios objective-c,ios objective-c,ios iphone objective-c,ios iphone objective-c,ios iphone objective-c
embedded shell linux,,linux,linux,linux
css html,text,,,text
xcode ios iphone,,,,
tar performance,,,,
exchange tsql sql-server,,sql sql-server,sql sql-server,sql sql-server
wpf c#,,c#,,c#
gdb c++,,,,
unix flex apache java,,flex,flex,flex java
oracle soa events,,,,
sorting php5 arrays php,arrays php sorting,php,arrays php,arrays php sorting
javascript raphael svg,javascript,,,javascript
sorting reportviewer,crystal-reports,,,
graphics-card,,,,
regex python,python regex,python regex,python regex,python regex
linux,linux,,,linux
viewstate asp.net usercontrols,asp.net checkbox,,,asp.net checkbox
communication ajax php javascript,ajax javascript jquery php,ajax,ajax javascript,ajax javascript jquery php
spinner android,android,android layout,android layout,android layout
mcrypt encryption php,php,encryption mcrypt php,encryption mcrypt php,encryption mcrypt php
html javascript,,javascript,javascript,javascript
glassfish-3 java,,java multithreading,java multithreading,java multithreading
xcode4.2 ios iphone,mac osx,,,mac osx
security,,,,
ios objective-c,objective-c,ios objective-c,ios objective-c,ios objective-c
extjs,,,,
jqgrid,,sql,,
random passwords java,java,java,java,java
file windows-7,,,,
salesforce,,,,
php,php,php,php,php
osx,osx,,,osx
visual-studio-2005 automation visual-studio,visual-studio visual-studio-2010,,,visual-studio visual-studio-2010
opencv,c++,,opencv,c++
service debugging c#,c#,.net c# dll,.net c# dll,.net c# dll
css3 css html javascript,css,css,css,css
compiler-errors asp.net c#,,c#,,c#
phpmyadmin joomla sql mysql,sql sql-server,,sql sql-server,sql
mp3 python,python,python,python,python
mathematical-optimization,matrices,,,
windows-7,windows-7,,windows,windows-7
javascript,,,javascript,
vbscript,,,c++,
adobe internet-explorer,pdf,,,pdf
jaxb java,xml,java,java xml,java
jquery-ui jquery,jquery jquery-ui,jquery,jquery,jquery jquery-ui
canvas multiplayer node.js javascript,events,,,events
css html jquery javascript,javascript jquery,,jquery,class javascript jquery
seo css jquery javascript,html javascript,html javascript jquery,html javascript jquery,html javascript jquery
command-line django bash,bash django django-models linux python,django,django python,bash django linux python
implementation size mysql php,mysql table,mysql sql,mysql,database mysql sql
microsoft-excel,excel,,excel,excel
analysis calculus matrices,,,,
python,python,,python,python
c++,,c++,c++,c++
user-interface intellij-idea netbeans,,java,java,java
concatenation separator null field mysql,mysql,,,mysql
ipad ios iphone,xml,soap,,xml
foreach merge xslt xml,xml xslt,xml,xml,xml xslt
debugging,maven maven-2,,java maven,maven maven-2
hp drivers ubuntu,linux,,,linux
jquery,firefox javascript jquery,jquery,jquery tooltip,firefox javascript jquery
background timer invalidate iphone,,ios,ios objective-c,ios objective-c
parsing unit-testing c#,,,,
sql-server c#,,,,
android-intent android-widget android-layout android,android textview,android,android,android textview
android,,android,android,android c#
thread-safety google-app-engine multithreading,google-app-engine python,python,python,google-app-engine python
php,,,php,
nested-forms ruby-on-rails javascript,,forms javascript,javascript,forms javascript
scripting file shell directory bash,bash,,,bash
java,,java,java,java
for-loop arrays php,php,,,php
wmi windows-services processes .net c#,,,,
design-patterns java,design-patterns java,java,java,class design-patterns java
datetime sql-server,sql sql-server sql-server-2008,,sql-server,sql sql-server sql-server-2008
backbone.js data-structures javascript,,backbone.js,backbone.js javascript,backbone.js javascript
android,android,android,android,android
axis tomcat web-services,apache apache2,java web-services,java web-services,apache apache2 java web-services
asp.net css,asp.net css div,asp.net c#,asp.net c#,asp.net c# css div
2d quartz pdf,ipad,,,ipad
hibernate jboss java,caching hibernate java,java jboss,java jboss,caching hibernate java jboss
asp.net .net c#,,asp.net,asp.net c#,asp.net c#
regex,regex,,regex,regex
list scheme recursion,,binding data-binding wpf,binding data-binding,binding data-binding wpf
,wordpress,,,wordpress
batch-file windows,,,,
activity sql-server facebook,facebook sql sql-server,android,,facebook sql sql-server
jquery,,,,
notepad++ syntax-highlighting,,,,
storage database python,,python,python,python
iis6 ftp wmi iis7 asp.net,asp.net c# windows-server-2008,c#,c#,asp.net c#
sqlite3 android,android,android c# java,android java,android java
itunes,checkbox,checkbox,checkbox,checkbox
bsod serial-port .net c#,,,,
python,python,python,python,python
ios iphone,,iphone,iphone,iphone
refactoring intellij-idea eclipse java,eclipse intellij-idea java,,,eclipse intellij-idea java
backgroundworker synchronization multithreading c#,,c#,c#,c#
comments,,comments,comments,comments
uitableview cocoa-touch,ios iphone uitableview,iphone,iphone,ios iphone uitableview
c++,string,,,string
lan networking windows-7 windows,,windows-7,windows,windows-7
serversocket sockets java,,java networking sockets,java sockets,java sockets
xml-serialization web-services,c# web-services,web-services,c# web-services,c# web-services
ios6 ios5 core-plot ios,ios,ios,ios plot,ios
android,,android,android,android
checkbox events javascript,jquery,checkbox javascript,checkbox javascript,checkbox javascript jquery
inheritance c#-4.0,sql-server stored-procedures,java,,java sql-server stored-procedures
vnc windows-vista windows-xp remote-desktop,windows windows-7 windows-xp,windows-7 windows-vista,windows-7 windows-xp,windows windows-7 windows-vista windows-xp
mpmovieplayercontroller objective-c,,ios,ios,ios
backbone.js javascript,backbone.js javascript,backbone.js javascript jquery,backbone.js javascript jquery,backbone.js javascript jquery
foreach perl,foreach,,,foreach
google-app-engine c#,c#,c#,c# google-app-engine,c#
mysql php,list,mysql sql,,list mysql sql
bounds flash actionscript-3,actionscript-3,,,actionscript-3
parsing python arrays,arrays parsing python,,,arrays parsing python
arrays php,arrays php,arrays multidimensional-array php,arrays multidimensional-array php,arrays multidimensional-array php
xslt,xslt,,,xslt
sql-server windows-server-2003,,,,
wordpress-plugin wordpress php,wordpress,php,php,php wordpress
innodb sql mysql,mysql,mysql sql,mysql,mysql sql
activerecord ruby-on-rails-3,,,ruby-on-rails,
,,,,
memory-allocation iphone-sdk-4.0,,,,
msi c#,,,,
ftp iis7 asp.net,ftp,asp.net,asp.net ftp,asp.net ftp
wamp apache php,php,php,php,php
login facebook button jquery javascript,facebook javascript,javascript jquery,javascript jquery,facebook javascript jquery
xss security asp.net-mvc asp.net .net,asp.net-mvc,,,asp.net-mvc
plugins phonegap project android,phonegap,android eclipse phonegap,android eclipse phonegap,android eclipse phonegap
caching asp.net,session,caching,caching,caching
aggregate-functions mysql,mysql,,,mysql sql
calculus,,,,
css jquery javascript,,css html internet-explorer internet-explorer-9 javascript jquery,css internet-explorer jquery,css internet-explorer internet-explorer-9 javascript jquery
xna,c# windows-phone-7 xna,c#,c# xna,c# windows-phone-7 xna
fork wait pipe shell c,c,c c# c++,c c# c++,c c# c++
django-views django-models django,django python,,,django python
multivariable-calculus derivatives,,,,
homework calculus,,,,
subdomain asp.net-mvc-4 asp.net-mvc asp.net,,javascript jquery,javascript jquery,javascript jquery
sharepoint,,,,
flex,,,,
django oauth python,django python,oauth python,oauth python,django oauth python
google-chrome,google-chrome,google-chrome python,google-chrome python,google-chrome python
lifecycle,,,,
custom-attributes magento,magento,,,magento
jquery-plugins jquery-ajax jquery-ui jquery,jquery,,,jquery
mvvm wpf c# validation,,asp.net,asp.net validation,asp.net
debian cron ubuntu,linux shell ubuntu,,,linux shell ubuntu
linq-to-sql c#,c# linq linq-to-sql sql,,c# linq sql,c# linq linq-to-sql sql
stl optimization c++,,c++,c++,c++
remote selenium python,google-chrome python webdriver,java,google-chrome java selenium,google-chrome java python selenium webdriver
alarmmanager android,android,,android,android
python xml,python xml,,php xml,php python xml
microsoft,c#,,c#,c#
webbrowser webview uiwebview windows-phone-7 android,android,android webview,android,android
,,,,
ef-code-first postgresql asp.net-mvc mysql,entity-framework mysql,,entity-framework mysql,entity-framework mysql
windows-server-2008,windows-server-2008,,windows-server-2008,windows-server-2008
cakephp,database,php,php,cakephp database php
fancybox asp.net,fancybox,,,css fancybox jquery
eclipse php,,eclipse,eclipse,eclipse
average,,,,
azure,,azure,azure,azure
css jquery,css html javascript jquery,javascript jquery,javascript jquery,css html javascript jquery
z-index css html,,,html,html
asp.net c#,c# javascript,c#,c# javascript,c# javascript
webview onclick android html javascript,android,android html,android html webview,android html javascript
autocomplete json ruby-on-rails jquery,json ruby-on-rails,,json,json ruby-on-rails
command-line osx,osx,,,osx
compatibility osx,osx,,,osx
comments grammar facebook,facebook facebook-graph-api,,facebook,facebook facebook-graph-api
mongoose,arrays,,,arrays
directshow c++,,c++,c++,c++
polygon math,,,,
format date java,java,java,java,java
android,android,android java,android java,android java
com interop .net-4.0 c#,,,,
keyboard-shortcuts ubuntu windows,ubuntu,,,ubuntu
homework elementary-number-theory,,,,
playframework hibernate,,c#,c#,c# java
deployment windows,,,,
xcode4.2 ios5 core-data,core-data iphone,,,core-data iphone
clustering vmware-esxi windows-server-2008-r2,,,,
forms magento,magento,php,php,magento
intellij-idea jsp,java spring,jsp,,java spring
pdf passwords,pdf,,pdf,pdf
uitextfield ipad keyboard iphone,ios ipad keyboard,ios,ios,ios ipad keyboard
unix escaping json ssl-certificate,json ssl,certificate json ssl,certificate json openssl ssl x509certificate,certificate json ssl
asp.net,,asp.net,asp.net,asp.net
meta-tags iframe html javascript,jquery,,,html jquery
floating-point ios objective-c,,ios iphone,ios iphone,ios iphone
macros c,c,,,c
sqlite import file ios iphone,ios sql,sqlite,sqlite,ios sql sqlite
django python,django python,django,django,django python
html5 android,android,android,android,android
android,,android java,android java,android java
ajax,,,,
ruby ruby-on-rails,windows,ruby,ruby,ruby windows
android-emulator android-widget android,android,android,android,android
refactoring methods eclipse,eclipse java,,,eclipse java
git-pull cygwin git,git,git,git,git
css-selectors css,css html,,css,css html
mysql,mysql sql,mysql,mysql,mysql sql
dell bluetooth,bluetooth,bluetooth,bluetooth,bluetooth
drupal-7 drupal,,drupal,,drupal
website mootools internet-explorer,internet-explorer windows-xp,javascript php,javascript,internet-explorer javascript windows-xp
telerik dom asp.net internet-explorer-9,,,,
swing java,,,,
eclipse android java,java,eclipse,eclipse,eclipse java
jquery javascript,javascript jquery,javascript,javascript,javascript jquery
vb.net asp.net c#,,vb.net,vb.net,asp.net vb.net
dreamweaver css,css,,,css
symfony-2.0 php5,php symfony2,php symfony2,php symfony2,php symfony2
xml java,java,java,java,java
proxy node.js nginx,,nginx,,nginx
hp hardware-raid raid,,,,
visual-studio-2005 tdd unit-testing visual-c++,c++,unit-testing,unit-testing,c++ unit-testing
regex,regex,,,regex
virtualhost website apache2,,apache2,apache2,apache2
excel-vba database,,excel,,
wordpress,wordpress,php wordpress,php wordpress,php wordpress
bash linux,bash,php,bash,bash
image linux,,,,
wpf c#,wpf,c#,c#,c#
regex,regex,,,regex
rsa encryption,encryption,,,encryption
multithreading java,java,java,java,java
,size,,,size
ado.net entity-framework,entity-framework entity-framework-4,.net,.net entity-framework,.net entity-framework
output xna input file c#,c# xna,,,c# xna
testing unit-testing rubygems ruby-on-rails-3 ruby-on-rails,ruby-on-rails,ruby ruby-on-rails testing,ruby ruby-on-rails testing,ruby ruby-on-rails testing
find,svn,,,svn
visual-studio debugging,visual-studio visual-studio-2010,,,visual-studio visual-studio-2010
2010 visual-studio web-services,file-upload web-services,,,file-upload web-services
radio-button android,android,,android,android
regex javascript,javascript,regex,regex,javascript regex
repository remote git,git,git,git,git
facebook-like facebook mod-rewrite,apache facebook,facebook,facebook,apache facebook
usb-flash-drive installation boot usb windows-7,usb windows-7,windows windows-7,windows windows-7,usb windows windows-7
ajax javascript,ajax,ajax jquery php,ajax jquery php,ajax jquery php
ssh,ssh,,ssh,ssh
asp.net-mvc-3 asp.net jquery,javascript jquery,javascript jquery tabs,jquery tabs,javascript jquery tabs
cmake git,git,git,git,git
preg-replace function php javascript,function javascript php,javascript php regex,javascript php regex,function javascript php regex
bluetooth android,bluetooth notifications,bluetooth,bluetooth,bluetooth notifications
gwt,gwt,,,gwt
java,,,,
mvp webforms testing unit-testing asp.net,,,,
youtube cordova phonegap xcode ios,youtube,android ios,android ios youtube,android ios youtube
syntax javascript,javascript,javascript,javascript,javascript
,,,,
dataset data-binding vb.net winforms .net,table,mysql sql,,table
android java,android ftp,android,android ftp,android ftp
.net,entity-framework,,,
opengl-es oop c++ iphone,c++ opengl,opengl,c++ opengl,c++ opengl
glassfish-3 ejb-3.0,,java,java,java
ruby ruby-on-rails-3 ruby-on-rails debugging,,ruby-on-rails ruby-on-rails-3,ruby-on-rails ruby-on-rails-3,ruby-on-rails ruby-on-rails-3
printing ios,ios,ios,ios,ios
mysql php,,,,
mount bash php windows,php,php,php,php
interview,,,,
css html jquery javascript,,,,css
ajax javascript,javascript,,javascript,javascript
visual-studio-2010,visual-studio visual-studio-2010,c# visual-studio visual-studio-2010,visual-studio visual-studio-2010,c# visual-studio visual-studio-2010
ruby regex csv,csv parsing,,,csv parsing
wireless-networking,,,,
boot usb windows-7,usb,osx osx-lion,usb,osx osx-lion usb windows
xaml .net wpf,.net c#,xaml,.net silverlight wpf xaml,.net c# silverlight xaml
oop flash types actionscript-3,,,,
qt webkit c++,,,,
wordpress php,wordpress,class php,class,class php wordpress
cuda c++,visual-studio visual-studio-2010,c++ visual-studio-2010,visual-studio visual-studio-2010,c++ visual-studio visual-studio-2008 visual-studio-2010
azure,azure,,,azure
ms-word .net c#,c#,c#,c#,c#
ios objective-c,,,,
ubuntu,,,,
memory assembly,memory memory-management,memory,memory,memory memory-management
listview android,android listview,android,android,android listview
normal-distribution homework probability,,,,
firefox internet-explorer html,firefox html javascript,css html,css html,css firefox html
html php,html php,php,html php,html php
curl mysql php linux,curl linux php,curl php,curl php,curl linux php
udp network-programming sockets ruby,ruby sockets,ruby,ruby sockets,ruby sockets
serialization forms .net c# jquery,.net c# jquery,,c#,.net c# jquery
compare datetime entity-framework-5 sql-server-2008 entity-framework,entity-framework,c#,c#,c# entity-framework
asp.net,,asp.net c# javascript,asp.net,asp.net javascript
profiling python,python,python,python,python
android,activity android,,android,activity android
scala,,scala,scala,scala
select javascript,,,javascript,javascript
glassfish-3 ejb-3.0 hibernate,hibernate java,hibernate java,hibernate java,hibernate java
smtp asp.net .net c#,c# email,email,email,c# email
mathematica,,,,
selection excel,excel,excel,excel,excel
drupal-6 php,drupal,,,drupal
c++ winapi windows,windows,,,windows
python-3.x python,python,python,python,python
entity-relationship,sql sql-server,sql,sql,sql sql-server
disable google-chrome search,google-chrome javascript,google-chrome search,google-chrome search,google-chrome javascript search
backup,backup,,,backup
php javascript,,,,
design web layout css html,,,,
rest wcf web-services c#,c# iis rest,c# iis wcf,c# iis wcf,c# iis rest wcf
sharepoint,,c#,asp.net c#,asp.net c#
row coldfusion sum sql columns,,,,
source-code google,,,,
manifolds pde,,,,
unix gcc jni c java,c,java linux,java,c java linux
custom-controls design silverlight,silverlight silverlight-4.0,,,silverlight silverlight-4.0
cakephp,cakephp,,,cakephp
php jquery,jquery,jquery validation,jquery validation,jquery validation
php,php,php,php,php
apache-poi apache,,,,
jquery-ajax,ajax javascript jquery jquery-ajax,javascript jquery,ajax javascript jquery,ajax javascript jquery
settings serialization printing .net,,printing,printing,printing
json html jquery,json,jquery,jquery json,jquery json
mongodb symfony2,,mongodb,mongodb,mongodb
c#,,zip,zip,zip
twitter f#,f#,,c#,f#
sql-server-2008,sql sql-server visual-studio visual-studio-2010,sql-server visual-studio visual-studio-2010,visual-studio visual-studio-2008 visual-studio-2010,sql sql-server visual-studio visual-studio-2010
cross-browser properties reference javascript,javascript,javascript,javascript,javascript
openssl,linux ssl,,linux,linux ssl
measure-theory real-analysis,,real-analysis,real-analysis,real-analysis
architecture language-agnostic mvc,asp.net-mvc,,,asp.net-mvc
jquery,jquery,javascript jquery,javascript jquery,jquery
opengl-es android,parsing,,,parsing
wordpress-theming wordpress,wordpress,php,php,php wordpress
http android,url,,,url
custom-taxonomy taxonomy tinymce,,,,
mvvm datagrid events wpf,wpf,c# wpf,c# wpf,c# wpf
delphi,,,,
xcode objective-c,,,,
matrix syntax matlab,,,,
navigationcontroller iphone,ios iphone objective-c,,,ios iphone objective-c
mod-rewrite .htaccess apache2 apache,.htaccess,mod-rewrite,.htaccess mod-rewrite,.htaccess mod-rewrite
django-queryset count annotations django,django python,django django-models,django,django python
components delphi,delphi,delphi,delphi,delphi
sync microsoft-outlook-2010 windows-7,,,,
xmlhttprequest table html javascript,javascript,javascript,javascript,javascript
event-handling swing events java,forms php,,,forms jquery php
tcp internet android java,,,java,java
,,php,,php
sql mysql,mysql php query,,mysql,mysql php query
django,,,,
pdo mysql php,mysql,mysql php,mysql php,mysql php
mono asp.net linux,asp.net mono,asp.net mono,asp.net mono,asp.net mono
vb.net forms,,,,
postfix email hosts networking,,postfix,postfix,postfix
windows-server-2008-r2 remote-desktop internet-explorer,,,,
gps java-me blackberry,blackberry,,,blackberry
x509certificate wcf .net c#,wcf,,wcf,wcf
python,list python,,python,list python
notepad++ regex,regex,,,regex
css html,css,,css,css
android,android,layout,android layout,android layout
market android application,android,,android,android
router,,,,
c++ winapi windows,,c++,,c++
datetime timestamp .net,.net windows,,,.net windows
tsql shell bash linux,sql sql-server,bash,bash,bash sql sql-server
jit distribution compilation,time,,,time
ubuntu,ubuntu,,,ubuntu
jquery,plugins,jquery,jquery,jquery
autofocus lens compatibility,,lens,lens,lens
wpf,,,wpf,
http java,http,,,http
web-applications web.xml java,asp.net java jsp,,javascript,asp.net java javascript jsp
internet-explorer-8 internet-explorer internet-explorer-9,internet-explorer,internet-explorer internet-explorer-9 windows,internet-explorer internet-explorer-6 internet-explorer-7 internet-explorer-8 internet-explorer-9 windows,internet-explorer internet-explorer-7 internet-explorer-9 windows windows-7
android,android,,android,android
jquery-validate jquery,jquery,jquery,jquery,jquery
io input c,,,,
oop php,php,,,php
ios6 contacts facebook objective-c,facebook ios iphone,facebook,facebook,facebook ios
wallpaper folder linux,linux,,,linux
gpu,opengl,,,opengl
gzip compression string java,java,,,gzip java
c,time,,,time
ipod ios iphone,iphone,iphone,iphone,iphone
dependency-injection,,,java,
cron plugins wordpress,wordpress,wordpress,wordpress,wordpress
string c++,,,,
xslt,xslt,,xslt xslt-1.0,xslt
android,android,,android,android
transactions spring hibernate java,asp.net-mvc nhibernate,hibernate java,hibernate java,asp.net-mvc hibernate java nhibernate
google-chrome-extension xss javascript,google-chrome,,,google-chrome
sql ruby-on-rails-3 mysql,mysql,,,mysql
random html jquery,,,,
lyx floats,,,,
jquery-autocomplete django-forms django,,django python,django python,django python
automapper,properties,c#,c#,c# properties
dictionary collections algorithm python,,,,
wpf c#,,c#,,
,ajax javascript jquery,,,ajax javascript jquery
wireless-networking monitoring networking,networking,,networking,networking
glassfish,,java,java,java
soap,web-services,web-services,web-services,web-services
ruby-on-rails,css html javascript ruby-on-rails,html javascript,html javascript,css html javascript ruby-on-rails
visual-studio-2012 winforms,,visual-studio visual-studio-2010,visual-studio,visual-studio visual-studio-2010
asp.net .net c#,,asp.net c#,asp.net,asp.net
thumbnails video .net c# php,.net java php,,java php,java php
php,arrays,php,php,arrays php
c#,c#,,,c#
windows-server-2003 remote-desktop,,,remote-desktop,
image android,android,,,android
sql-server,sql-server sql-server-2005,,sql-server,sql-server sql-server-2005
api,php rest wordpress,api rest wordpress,api rest wordpress,api php rest wordpress
build visual-studio-2010 c++,visual-studio visual-studio-2010,,,visual-studio visual-studio-2010
geometry,,,,
gevent redis python-2.7 python,,python,python,python
amazon-cloudfront amazon-web-services,,,,
mongodb c#,,asp.net-mvc c#,asp.net-mvc c#,asp.net-mvc
complex-numbers homework algebra-precalculus,,,,
django query,django python,django,django,django python
process,,,,
timeout,,,,
.net wpf c#,wpf,,,jquery wpf
struct com arrays c++ c#,arrays c# c++,arrays c#,arrays c#,arrays c# c++
forms javascript,php,javascript,javascript,forms javascript
actionscript air flex flash,,flex,,actionscript-3 flex
hyperlink jsonp json jquery,json,jquery json,jquery json,jquery json
access-vba forms ms-access vba,,,,
sharepoint2010,sharepoint,,sharepoint,sharepoint
binomial-coefficients discrete-mathematics combinatorics,,,,
servlets,,http java,http java servlets,http java
eclipse java,,java,eclipse java,java
stdin haskell,haskell,,,haskell
svn http ssh,svn,apache2,apache2 svn,apache apache2 svn
java,,,,
osx,,,zip,zip
java,java,java,java,java
licensing,,,licensing,licensing validation
workflow-foundation-4 nhibernate asp.net-mvc-3,,,c#,c#
grammar antlr,antlr java,java,java,antlr java
oop c++,,,,
ruby,ruby,ruby,ruby,ruby
django,django,javascript,django javascript,django javascript
html c#,,,,
uikit ipad cocoa-touch iphone,ipad,ipad,ipad,ipad
eclipse,eclipse,,,eclipse
linq-to-sql tsql linq sql-server sql,linq,linq,linq,linq
java-me,,,,
migration git ruby-on-rails,git,,git,git
file java,,,,
android,,android,android,android
unity,,,,
textbox usercontrols binding wpf,,,,
asp.net html,asp.net html,asp.net html,asp.net html,asp.net html
curl post php,arrays curl php,curl,curl,arrays curl php
navigationcontroller uitabbarcontroller,git,ios iphone objective-c,ios iphone,git ios iphone objective-c
vb.net,,vb.net,vb.net,vb.net
ruby-on-rails,ruby ruby-on-rails ruby-on-rails-3,,ruby-on-rails,ruby ruby-on-rails ruby-on-rails-3
drupal,drupal,,,drupal
education,class,,,books class
sorting jquery,,,,
ocaml compiler parsing,,,,
http post,,,,
plsql maps oracle,oracle,caching,caching,caching oracle
sectioning,,,,
llvm c++,,c++,,c++
osx-lion cocoa objective-c,,,focus,
tsql sql-server-2008,,,,
cross-domain flash asp.net,file,xml,xml,file xml
networking,,,,
sharepoint2010 sharepoint iis,sharepoint,,,sharepoint
windows-phone-7.1,,,,
optimization mysql,mysql,,,mysql
cookies php,arrays,php,php,arrays php
environment-variables cmd windows,,,windows,windows
entity-framework,entity-framework,entity-framework,entity-framework,entity-framework
variables session php,php session,php,php,php session
django python logging,django,django,django,django
delphi,,delphi,delphi,delphi
view sql database mysql,mysql,mysql sql,mysql,mysql
image python,python unicode,python,python,python unicode
actionscript flex4 flex,flex,,,flex
air flex,,,,
ruby ruby-on-rails,arrays php,ruby,ruby,arrays php ruby
matlab,matlab,,,matlab
interface-builder xcode objective-c,,,,
javascript-events windows-8 javascript,windows windows-8,,,windows windows-8
websphere-mq jms encryption security,,,ruby security,
jquery javascript,,jquery,jquery,jquery
loading timeout jquery javascript,jquery,javascript jquery,javascript jquery,javascript jquery
html php,php,php,php,html php
grails extjs file-upload,extjs grails,,,extjs grails
cocos2d ios objective-c iphone,,,,
tomcat jersey,,,,
inheritance python,,python,,python
python-2.7 search python,internet-explorer python,python,python,internet-explorer python
azure visual-studio-2010,templates,visual-studio visual-studio-2010,,templates visual-studio
jquery-animate jquery,jquery,jquery,jquery,jquery
printing java,java,java,java,java python
location google-maps android java,android google-maps,android,android,android google-maps
filesystems hadoop documentation java,,c++,hadoop,c++
tsql sql-server sql,sql-server,,,sql-server
jni,c++ java,java,c++ java,c++ java
sed awk unix,,php,php,php
uinavigationcontroller ios,,ios,ios,ios
network-programming qt webkit c++,html qt,qt,qt,html qt
character-encoding c#,,,,
uitableviewcell uitableview image ios,ios iphone uitableview,ios iphone,image ios iphone,ios iphone uitableview
jquery javascript,css div html javascript,jquery,javascript jquery,css div html javascript jquery
android-camera android,,,,
windows-server-2003,,windows,windows,windows
php5 multidimensional-array arrays php,arrays php,php,php,arrays php
gem ruby,,ruby,ruby,ruby
cryptography c++ .net c#,c# c++,.net c++,.net c#,.net c# c++
data-binding silverlight usercontrols,data-binding silverlight wpf,,data-binding wpf,data-binding silverlight wpf
python,,,,
eclipse java,eclipse jar java,java,java,eclipse jar java
plugins wordpress,wordpress,plugins wordpress,plugins wordpress,plugins wordpress
math,,,,
asp.net-web-api asp.net-mvc-routing asp.net-mvc-4,,,,
combinatorics,,,,
html5 php jquery javascript,html,jquery,css javascript jquery,css html jquery
egit eclipse git,git,eclipse,eclipse git,eclipse git
windows-server-2008 scripting linux,windows-server-2008,,,windows-server-2008
c++,c++ function,,algorithm c++,algorithm c++ function
opencl c,arrays pointers,,,arrays c++ pointers
jquery-selectors jquery,c++ class,css,class,class css
android-ndk android java,android,android,android,android
flash actionscript-3,flash,flash,flash,flash
jdbc ant mysql,mysql,mysql sql,mysql sql,mysql sql
sed awk,perl python,,python,perl python
encode decode text,encoding,,,encoding
json jquery,arrays json,javascript json,javascript json,arrays javascript json
timezone cron,debian,timezone,timezone,debian timezone
svn,svn,svn,svn,svn
build android ant,ant,,,ant
ruby ruby-on-rails-3 ruby-on-rails,ruby ruby-on-rails ruby-on-rails-3,ruby-on-rails,ruby-on-rails,ruby ruby-on-rails
ajax php jquery javascript,jquery,ajax javascript jquery,ajax javascript jquery,ajax javascript jquery
version-control tfs,tfs,tfs,tfs,tfs
tcp sockets networking c windows,c sockets,c c++,c++,c sockets
memory-management reference java,java,java,java,java
nsstring cocoa,,ios iphone objective-c,ios iphone objective-c,ios iphone objective-c
power sleep button,windows-7,,,windows-7
cxf action soap web-services,,soap web-services,soap web-services,soap web-services
db2 sql,sql sql-server,,sql,sql sql-server
java,java,java,java,java
datagrid wpf,c# wpf,,,c# wpf
sql-server sql sql-server-2005,sql,,,sql
gem rubygems ruby-on-rails,,ruby,ruby,ruby
xhtml xml html javascript,xml,,xml,xml
concurrency java,java multithreading,java,java multithreading,java multithreading
themes,,,,
ios objective-c,,,,
css,css sharepoint,css,css,css sharepoint
uinavigationcontroller,ios objective-c,ios iphone objective-c,ios iphone,ios iphone objective-c
ajax json security javascript,json,json,json,javascript json
functional-analysis homework,,,,
android java,activity android android-activity,android java,android java,activity android android-activity java
gpl licensing icons wordpress,wordpress,,,wordpress
windows-7 java,windows-7,java,java,java windows-7
group-theory,,,group-theory,
asp.net,forms,,,asp.net forms
switch-statement c++,c++,c++,c++,c++
default gateway ip centos,linux,,linux,linux
integration-testing hibernate,hibernate java,,,hibernate java
find regex python string,,regex,regex,regex
android,,android,android,android
video index wordpress,,php,,
arraylist .net c#,c#,,,c#
django performance apache2,asp.net,django,,asp.net django
android java,android,android java,android java,android java
css html,jquery,html,html javascript,html jquery
images import export,wordpress,,,wordpress
c++,pointers,c++,c++,c++ pointers
stl c++,,,,
instantiation c#-4.0 mapping entity-framework,,entity-framework,c# entity-framework,database entity-framework
split string java,java string,java,java,java string
focus scrolling visual-studio .net,,,,
tags custom-taxonomy functions taxonomy,,custom-taxonomy,cloud custom-taxonomy,custom-taxonomy
xib comments objective-c,,,,
element div jquery,javascript jquery,,,javascript jquery
graph-theory,,,,
stdout c#,,,c#,
resharper wix,,,,templates
gridview listview onclick android,android listview,android,android,android listview
ssrs-2008 reporting-services sql-server-2008,xml,sql-server xml,mysql sql-server xml,sql-server xml
wcf web-services,c# wcf,c# wcf,c# wcf,c# wcf
upload asp.net .net c#,c#,,c#,c#
scheduled-tasks batch-file firefox windows,firefox,firefox,firefox,firefox
cocoa-touch ios iphone,ios iphone,ios iphone uitableview uitableviewcell,ios iphone uitableview uitableviewcell,ios iphone uitableview uitableviewcell
floating-point python,,python,python,python
duplicates email sql-server sql,stored-procedures,email,email,email stored-procedures
nginx php,,php,,php
simplecursoradapter listview android,android,android,android,android
linux,,,,
math,,,,
escaping firefox,xslt,xslt,xslt,xslt
freeze google-chrome browser windows-xp internet-explorer,,,,
themes seo google wordpress,javascript php wordpress,,php,javascript php wordpress
sync firefox,firefox,javascript,javascript,firefox javascript
crystal-reports,crystal-reports,crystal-reports,crystal-reports,crystal-reports
jqplot requirejs module jquery javascript,,,,
java,,java,java,java
media-queries jquery-mobile,css html jquery,jquery,jquery,css html jquery mobile
iphone,ios iphone iphone-sdk-4.0 objective-c,iphone,iphone,ios iphone objective-c
testing unit-testing,testing,testing unit-testing,testing,testing unit-testing
iphone,iphone,ios iphone,iphone,ios iphone
character-encoding firefox internet-explorer jquery javascript,firefox internet-explorer,javascript jquery,javascript jquery,firefox internet-explorer javascript jquery
jquery javascript,jquery,jquery,css javascript jquery,css javascript jquery
mfc c++,,c++,,
.net-assembly visual-studio-2010 .net c#,c#,c#,,c#
race-condition ruby ruby-on-rails,ruby-on-rails,,,ruby-on-rails
compression xml svg,,,,
histogram osx excel,excel,plot r,plot r,excel plot r
compiler nsstring ios,ios iphone nsstring objective-c xcode,xcode,ios xcode,ios iphone nsstring objective-c xcode
ios objective-c iphone,,,,objective-c
regex php,class,php regex,php regex,class php regex
rubygems ruby jruby jboss,java jboss tomcat,java jboss,java jboss jruby tomcat,java jboss jruby tomcat
publish visual-studio-2008 deployment,,asp.net,asp.net,asp.net c#
reporting-services,,,,
pivot table excel,excel,,sql,excel
regression,r,,,r
combinatorics elementary-set-theory,,,,
general-topology,,general-topology,general-topology,general-topology
junit selenium java,java,java,java,java
xml-parsing xml,parsing xml,perl xml,xml,parsing xml
logarithms derivatives integral,,calculus,calculus,calculus
codeigniter,codeigniter php,codeigniter php,codeigniter php,codeigniter php
cocoa dns osx,osx,active-directory,active-directory,active-directory osx
cocoa osx ios,ios,ios,ios,ios
.net c# windows,,,,
structure if-statement,,,,
date iphone,,,,
asp.net-mvc-3,,,,
iis .net c#,iis modal,asp.net c#,asp.net c#,asp.net c# iis modal
html javascript,html javascript,javascript,javascript,html javascript
c++ c#,,,,
flash events actionscript-3,c#,,,c#
windows-update,windows,windows windows-7,windows windows-7,windows windows-7
powershell,,,,
sqlite sqlite3 sql database,,database python sql-server,database python,database python sql-server
operators,,,,
django database,django,django django-models,django-models,django django-models
iframe html,iframe internet-explorer javascript,html,html javascript,iframe internet-explorer javascript
ajax jquery,ajax jquery,ajax javascript jquery php,ajax javascript jquery,ajax javascript jquery php
xml-parsing xml java,java xml,java,java,java xml
stl dll c++,c++ dll,c++,c++,c++ dll
php,php,,php,php
navigation flex events,flex,,,flex
hash security python,python,python,python,python
iphone-sdk-3.0 xcode objective-c iphone,ios iphone objective-c xcode,iphone xcode,ios iphone xcode,ios iphone objective-c xcode
osx mysql,bash mysql php,mysql,mysql,bash mysql php
simplecursoradapter android,,android java listview,android listview,android java listview
glsl opengl,,opengl,,opengl
verbatim errors fonts,,,,
oracle sql,,,,
ubuntu-10.04 raid lvm,,,,
java-ee java,asp.net-mvc java,java,java,asp.net-mvc java
concatenation python-3.x python,python,python,python,python
compression format file folder,,,,
templates controller codeigniter,codeigniter,,,codeigniter
playframework-2.0 heroku playframework scala deployment,scala,,,scala
perl,perl,,,perl
gentoo linux,,,,
asp.net c#,,,,
external dns,dns,mysql,mysql,dns mysql
html5,html5,,,html5
css jquery,select,,,select
outlook-2007 windows-7,mac,,mac,
serialization database java,java,database mysql,database java mysql,database java mysql
algorithm string language-agnostic,algorithm,c# java,algorithm c# java,algorithm c# java
uisplitviewcontroller ios5 ios objective-c iphone,,ios iphone objective-c,ios objective-c,ios iphone objective-c
plugins,windows,,,windows
images firefox,,firefox,,firefox
windows-phone-7 c#,http,c# java,c# java,c# http java
sharepoint-designer sharepoint2010 sharepoint,list,,,list
canvas jqplot onclick jquery,,,,
wpf,c# wpf,windows,windows windows-7,c# windows wpf
matlab,matlab,matrix,matrix,matlab matrix
boost,boost c++,,boost,boost c++
twitter-api twitter php,,twitter,twitter,twitter
video android,caching,,,caching
web-crawler java,java,,java,java
jquery-mobile phonegap,javascript jquery jquery-mobile mobile,jquery,jquery,jquery jquery-mobile mobile
motherboard boot raid,windows-7,,,windows windows-7
asp.net-mvc-2 entity-framework-4 asp.net,entity-framework,,,entity-framework
sql,sql sql-server,,,sql sql-server
matrices linear-algebra,,,,
,,c#,c#,c#
css html javascript,asp.net javascript,asp.net html javascript,asp.net javascript,asp.net html javascript
postgresql,sql,,,sql
debian,,,,
arraylist object java,java,java,java,java
spring java spring-mvc,,,,java
windows-server certificate,,openssl,openssl,openssl
background-image internet-explorer iframe,css html jquery,,css,css html
inputstream java,,,,
image-processing opencv c++ windows,opencv,,opencv,opencv
xcode,xcode,c objective-c,c objective-c xcode,c objective-c xcode
xcode javascript ios objective-c iphone,html parsing xcode,,,html parsing xcode
merge,,,merge,merge
tags mysql,,,,
android-emulator android java,android,android,android,android
django python,django python,django django-models python,django django-models python,django django-models python
reflection java,reflection,php,,reflection
element listbox insert xml c#,c# xml,xml,c# xml,c# xml
bootloader boot partitioning,boot windows windows-7,partition partitioning windows,partition partitioning windows,boot partition partitioning windows windows-7
clickonce,,,,
xml-schema xsd xml,,xml xml-schema xsd,xsd,xml-schema xsd
ruby-on-rails-3 ruby-on-rails javascript,image,javascript,,image
jsf,,,,
forms jquery javascript,jquery,forms html javascript jquery,forms javascript jquery,forms javascript jquery
virtualhost redirect dns mod-rewrite apache,redirect,apache apache2 php,apache apache2,apache apache2 redirect subdomain
nsurl wsdl soap wcf ios,ios iphone objective-c wcf web-services,soap web-services,soap web-services,ios objective-c soap wcf web-services
asp.net,http,,http,html http
magento xml php,magento xml,,,magento xml
stl c++,,c++,c++,c++
timer android-asynctask listener android multithreading,android multithreading,android,android multithreading,android multithreading
indentation,,,,
entity-framework-4.1,c#,c#,c#,c#
c#,c#,c#,c#,c#
html mysql php,php r,php,php wordpress,php r
javascript,,javascript,,javascript
hashmap java,hashmap java,java,java,hashmap java
udp java,arrays,,,arrays
telerik asp.net,,,,
,,,,
c#,,,,
php javascript,,javascript php,javascript php,javascript php
css,css,javascript jquery,javascript jquery,css javascript jquery
vb6,vb6,,,vb6
tutorials visual-studio css,css,asp.net c# css,css,c# css
asp.net-ajax asp.net usercontrols,,usercontrols,usercontrols,usercontrols
wso2,,,,
python,python,python,python,python
selenium,selenium,selenium,selenium,selenium
joomla windows-server-2003 mod-rewrite iis,apache,.htaccess,.htaccess,.htaccess apache
ef-code-first asp.net-mvc-3 entity-framework c#,,,,
matlab,,,,
c++ graphics opengl windows,opengl,,,opengl
visual-studio c++,c++,,c++,c++
autocomplete emacs,,,,
layout css html,,css html,,css
ajax html jquery,html,html jquery,html javascript jquery,html jquery
devexpress c#,devexpress,,,devexpress
,,,,
forms asp.net,asp.net c# forms jquery,javascript,forms javascript,asp.net c# forms javascript jquery
lisp homework,,list,list,list
plugin-recommendation content permissions,,,,
pdf reportviewer c#,pdf,,,pdf
highlight map jquery,jquery,jquery,jquery,jquery
asp.net,asp.net visual-studio visual-studio-2010,asp.net,asp.net,asp.net visual-studio visual-studio-2010
loops vector homework performance c++,,,,
razor c#-4.0 asp.net-mvc-3 asp.net c#,,,,
uac file-io windows-7 .net,windows-7,,c#,windows-7
wpf,google-chrome,,,google-chrome
elementary-number-theory,,,,
joomla api css php,api,xml,xml,api xml
jira notifications,email,,,email
stream refactoring image php,php,php,php,php
error-handling javascript,javascript,,,javascript
webdav document-library,,,,
internet-explorer jquery,internet-explorer,internet-explorer,internet-explorer,internet-explorer
numerical-methods matrices linear-algebra,,python,python,python
cocos2d-iphone design graphics iphone,iphone,ios,ios iphone,ios iphone
coding-style internet-explorer .net html c#,internet-explorer,,,internet-explorer
unix,unix,,,unix
if-statement php,mysql php,php sql,php sql,php sql
swing multithreading java,java multithreading,java multithreading swing,java multithreading swing,java multithreading swing
large-files,,,,
asp.net-web-api asp.net-mvc,asp.net-mvc,asp.net asp.net-mvc,asp.net asp.net-mvc,asp.net asp.net-mvc
spring-security spring jboss7.x jboss,java spring spring-security,java jboss,java jboss,java jboss spring spring-security
directx ide c++,c++ windows,c# c++,c# c++,c# c++ windows
wpf,templates wpf,wpf,wpf,templates wpf
interface c#,,,,
scripting windows-server-2003 security,,,,
division matlab,function matlab,,,function matlab
.net php,.net soap web-services,php,php,.net php soap web-services
ruby-on-rails-3 ruby-on-rails,,ruby-on-rails,ruby-on-rails,ruby-on-rails
oracle database,,,,
navigation 2007,,,,
styles,,,,
ruby,ruby,ruby,,ruby
web-config azure wcf,,,,
custom-field wp-query custom-taxonomy title search,,php search,search,search
regex-negation regex javascript,javascript jquery regex,regex,regex,javascript jquery regex
uitabbarcontroller uitabbaritem ios objective-c iphone,,,,
limit calculus,,,,
login url facebook,facebook session,facebook php,facebook php session,facebook php session
csv php,sequences-and-series,,,
terminology web runtime javascript,,,,
3d plot matlab,matlab,matlab,matlab plot,matlab
dom jquery javascript,javascript jquery,html iframe javascript jquery,iframe javascript jquery,html iframe javascript jquery
timer android ios iphone,,,,
yaml ruby-on-rails,ruby ruby-on-rails ruby-on-rails-3,,,ruby ruby-on-rails
jdbc swing java,java,java,java,java
algebraic-geometry,,,,
osx c++ linux,c++,c++,c++,c++
video swf regex php,php regex,regex,regex,php regex video
mouse rotation object events actionscript-3,,,,
c++ c,,,,
functions plugins tabs php,tabs,,,tabs
android-emulator android,,android,android,android
linq c#-3.0 c#,c# linq,c#,,c# linq
xmlhttprequest internet-explorer javascript,ajax internet-explorer javascript jquery,css html javascript,html javascript,ajax html internet-explorer javascript jquery
windows-ce c++,,,,
wp-query,,,,
ip httpwebrequest c#,,,,
video facebook,video,,,video
timezone gcc linux c,linux,,linux,linux
tomcat6 tomcat java,tomcat,,,tomcat
json regex string jquery javascript,javascript jquery json,javascript,javascript jquery,javascript jquery json
xtrareport devexpress .net c#,,,,
vb.net asp.net,memory,,memory,memory
content css3 jquery,css,css,css,css
xna c#,c# xna,,,animation c# xna
xaml silverlight-4.0,silverlight,c# wpf,c# wpf,c# silverlight wpf
pivot datatable linq c#,c# linq,,,c# linq
remoting serialization .net c#,.net remoting,,java,.net remoting
php,php,php,php,php
joomla openid php,joomla,openid,openid,joomla openid
c#-4.0,.net c#,,c#,.net c#
windows-vista windows-xp windows-7 windows,dns,dns windows-7,dns,dns windows-7
celery django,django,django python,django python,django python
sql-server-ce query,sql-server vb.net,vb.net,vb.net,sql-server vb.net
bsod memory,,,,
encode perl,encoding html,,,html
apache2,apache,,,apache
c#-4.0 silverlight silverlight-4.0 c#,silverlight silverlight-4.0,c# usercontrols,c# usercontrols,c# silverlight silverlight-4.0 usercontrols
zend-framework css php,php zend-framework,php zend-framework,php zend-framework,php zend-framework
haskell types,haskell,,,haskell
imageview drawable android,,,,
silverlight,wcf,,,wcf
android,android,,,android
java,java,java,java,java
java,c#,java,c# java,c# java
asp.net .net,,asp.net c#,asp.net c#,asp.net c#
remoting iis .net,iis,,,iis
shared memory ipc,unix,c++,c++,c++ unix
asp.net c# javascript,asp.net c#,c#,c#,asp.net c#
dataset .net c#,datatable,mysql php,table,datatable mysql
command-line php,command-line php,php,php,php
enums android java,android java,android tabs,android tabs,android java tabs
namespaces ruby-on-rails-3,ruby-on-rails,,,ruby-on-rails
,,,,
json bytearray c#,,,,ajax
itunes,,,,
overflow c++ c,,,,
pdf codeigniter php,,,,
arch-linux dropbox terminal linux,linux ssh,linux,linux,linux ssh
assembly,,,,
project-management,,,,
sudo linux,,,,
wkhtmltopdf wget cookies python,pdf,cookies,cookies,cookies pdf
sorting document couchdb,,,,
grails,grails sql,,,grails sql
exception android,android,android,android,android
oracle arraylist prepared-statement jdbc java,java oracle,,,java oracle
memory,memory,memory,memory,memory
datetime serialization .net web-services,.net c# web-services,web-services,web-services,.net c# web-services
unit-testing php,unit-testing,,,unit-testing
php5 php javascript,,javascript php,javascript php,javascript php
mysql,database mysql,mysql,mysql,database mysql
build-process msbuild c#,c# winforms,c++,,.net c# c++ winforms
scope javascript,javascript,javascript jquery,javascript jquery,javascript jquery
dns windows-server-2003,dns,active-directory dns,active-directory dns,active-directory dns
vb.net asp.net-mvc asp.net .net c#,asp.net,.net asp.net c# dll,.net asp.net c# dll,.net asp.net c# dll
addclass hover jquery javascript,,jquery,jquery,jquery
dns,,,,
curl post php,curl php,php,php,curl php
backbone.js,,backbone.js javascript,backbone.js javascript,backbone.js javascript
profiling time profiler python,python time,python,python,python time
groovy java,groovy,groovy java,groovy java,groovy java
playframework-2.0,,,,
refactoring intellij-idea java,,,,c++
receiver service android,android,android service,android,android
html5 performance javascript,performance,,,performance
struts2,,,,
facebook php,facebook facebook-like,facebook javascript jquery,facebook javascript,facebook facebook-like javascript
mongodb,mongodb,,,mongodb
algebra-precalculus,,,,
object xml actionscript-3,c#,actionscript-3 c#,actionscript-3 c#,actionscript-3 c#
ajax jquery,ajax javascript jquery,javascript jquery,javascript jquery,ajax javascript jquery
opencl coding-style,,,,
swing eclipse java,jar java,java,java,jar java
git,git git-pull merge,git merge,git merge,git merge
django-admin twitter-bootstrap django python application,django twitter-bootstrap,django,django twitter-bootstrap,django twitter-bootstrap
facebook-like html5 facebook-sharer facebook php,facebook html,facebook,facebook,facebook html
limit calculus,,,,
spam gmail,email,,,email
data.frame r,r,,,r
categories,,,,
c++,c++,c++,c++,c++
validation,,spring,spring,spring
postgresql,permissions postgresql,permissions,list permissions,permissions postgresql
google-maps,google-maps google-maps-api-3,,google-maps,google-maps google-maps-api-3
javascript,,javascript,javascript,javascript
canvas html5 algorithm,html5,,html5,html5
bugs python,string,python,python,python string
replace regex html c#,regex,regex,regex,regex
javascript,arrays javascript jquery,javascript,javascript,arrays javascript jquery
file ajax,ajax jquery,,,ajax javascript jquery
liferay,,,,
timer cuda,cuda timer,,cuda,cuda timer
php,email php,php,php,email php
nsmutablearray xcode arrays objective-c iphone,,objective-c,objective-c,objective-c
jquery-ajax jquery,javascript jquery,jquery,jquery,javascript jquery
jquery-ajax wordpress mysql php,ajax wordpress,ajax mysql php,ajax mysql php wordpress,ajax mysql php wordpress
sql database query mysql php,mysql,mysql php,mysql php,mysql php
android-layout android,,,,
homework c++,c++,c++,c++,c++
instantiation vb.net properties,,,,
variables search php,php,mysql,mysql,mysql php
prototype ctypes python winapi,python,c c++,c c++,c c++ python
javascript,,html javascript,html javascript,html javascript
meta-tags c#,,asp.net,asp.net,asp.net
drupal oauth facebook,drupal,facebook facebook-graph-api oauth,facebook facebook-graph-api oauth,drupal facebook facebook-graph-api oauth
html javascript,html javascript,javascript,html javascript,html javascript
linq c#,linq,,,linq
spreadsheet controls wpf,wpf,,wpf,wpf
mysql php,mysql,mysql,mysql php,mysql php
uitableview ios iphone,ios iphone,ios,,ios iphone
php,php,,,php
jquery-ui css jquery,css html javascript jquery,,jquery,css html javascript jquery
image jquery,jquery,css jquery,css html jquery,css html jquery
youtube-api listview android,multithreading,android,android,android multithreading
python,encryption python,python,python,encryption python
ruby winforms c# windows,,,,
fluent-nhibernate,fluent-nhibernate nhibernate,,,fluent-nhibernate nhibernate
imageview button image android,,android java,android java,android java
integration-testing mocking unit-testing,unit-testing,unit-testing,unit-testing,unit-testing
xorg keyboard,keyboard usb,keyboard,keyboard,keyboard usb
python-3.x qt python,,python,python,python python-3.x
restore sql-server-2005,sql,,,sql
primefaces jsf file-upload,,java jsf,java jsf,java jsf
networking,,,,
windows-phone-7,,,,
caching image firefox internet-explorer,caching firefox internet-explorer javascript,php,php,caching firefox internet-explorer php
domain multisite,wordpress,,,wordpress
codeigniter php,class codeigniter,,codeigniter php,class codeigniter
variables python,,javascript,javascript,javascript
jquery javascript,css,javascript jquery,javascript jquery,css javascript jquery
php,,,,
primefaces jsf-2 jsf javascript,javascript,javascript,javascript,javascript
asp.net-mvc-4 asp.net-mvc,,,,
asp.net,,asp.net c#,asp.net c#,asp.net
imagemagick opencv iphone,iphone,,,iphone
driver hardware io,,,,
qt4 qt,qt,ios python,ios python,ios objective-c python qt
sql-server-2008,sql,,,sql
datetime asp.net-mvc-3,asp.net-mvc-3,asp.net-mvc asp.net-mvc-3,asp.net-mvc-3,asp.net-mvc asp.net-mvc-3
graph-theory,,,algorithm,
audio html5,,,,
javascript,javascript,javascript,javascript,javascript
mongoid ruby-on-rails-3,,,,
ruby-on-rails,cucumber,ruby-on-rails,cucumber ruby-on-rails,ruby-on-rails
gui wxwidgets application,,,,
css,,css,css,css
jit compilation .net,.net,,,.net
sendmail centos,email,,,email
uiviewcontroller document ipad uiview ios,ipad,,,ipad
android,,,,
internet-explorer-8 javascript,internet-explorer javascript jquery,javascript jquery,javascript jquery,internet-explorer javascript jquery
preg-match multiline php,php regex,php regex,php regex,php regex
exception c#,,,,
ruby ruby-on-rails-3 ruby-on-rails,class ruby,ruby ruby-on-rails ruby-on-rails-3,ruby ruby-on-rails ruby-on-rails-3,class ruby ruby-on-rails ruby-on-rails-3
jquery javascript,,javascript jquery,css javascript jquery,javascript jquery
jquery,jquery,,,jquery
android,android,,android,android
c,arrays c,,,arrays c
outofmemoryexception encoding c#,,,,
git,git,git,git,git
zend-framework mysql php,mysql sql,,,mysql sql
sql,group-by sql sql-server,,,group-by sql sql-server
global google-maps mootools javascript,google-maps javascript mootools,javascript jquery,javascript,google-maps javascript mootools
windows-server-2008-r2,windows-server-2008,,,windows-server-2008
windows,,python,python,python
vb.net sql sql-server-2005 .net,sql,sql-server,sql-server,sql sql-server
solaris,,c++ solaris,c++ solaris,c++ solaris
winforms .net c#,,,,
android,,android text,text,text
sql-server,sql-server,xml,xml,sql-server xml
google-api eclipse google-maps android java,,android,android,android
eclipse,eclipse,,eclipse,eclipse
upgrade jquery,javascript jquery,jquery,jquery,jquery
images facebook,wordpress,php,php wordpress,php wordpress
eclipse-plugin eclipse,eclipse,,,eclipse
jqplot,,,,
ruby-on-rails,ruby-on-rails,,ruby-on-rails ruby-on-rails-3,ruby-on-rails
sharepoint-enterprise 2010 events,events sharepoint,,,events sharepoint
c#,,c#,,c#
windows-server-2008-r2 filter powershell script,,,,
azure c#,,pdf,,pdf
design vb.net,,,,
css,html,css,css,css html
amazon-ec2 windows-server-2008 sql-server-2008,amazon-ec2 sql-server,amazon-ec2 amazon-web-services,amazon-ec2 amazon-web-services sql-server,amazon-ec2 amazon-web-services sql-server
remote plugins json jquery validation,jquery,json,jquery json,jquery json
hyperlink copy-paste uitableviewcell iphone,ios iphone,iphone,iphone,ios iphone
tomcat6 cron tomcat permissions ubuntu,tomcat,tomcat,tomcat,tomcat
html php javascript,php redirect,php,php redirect,php redirect
cron performance optimization mysql php,,,,
lighttpd webserver fcgi php,,php,php,php
conflict parsing,,,,
measure-theory homework,,,,
iis wcf asp.net,http,iis wcf,,http wcf
rest jersey,,java,java,java
batch oracle prepared-statement jdbc,,,,
casting function class java,java,c++ java,c++ java,c++ java
batch-file vbscript html windows,html,,html,html
angularjs html5 css html javascript,html,,,html jquery
javafx-2 size css text,,css,css,css
mysql,mysql sql,mysql,mysql,mysql sql
compare string objective-c iphone,arrays objective-c,ios iphone objective-c regex xcode,ios iphone objective-c regex,arrays ios iphone objective-c regex xcode
windows-7,matlab,matlab,matlab,matlab windows-7
charts,,charts,charts vba,charts vba
osx,,video,video,video
group-policy active-directory,,,,
android,,android,android,android
naming-conventions resharper,,,,
java,java,java multithreading,java multithreading,java multithreading
crystal-reports printing,crystal-reports,crystal-reports printing,crystal-reports printing,crystal-reports
opengl-es android java,opengl,ios opengl opengl-es,ios opengl opengl-es,ios opengl
android-activity android,,android,android,android
group-theory abstract-algebra,,group-theory,group-theory,group-theory
gwt java,gwt,,,gwt
regex,regex,,,regex
picture android java,,android,android,android
gateway proxy,,,,
python linux,python,python,python,python
matlab linux,matlab,matlab,matlab plot,matlab
virtualization hosting iis asp.net php,http,asp.net php,asp.net php,asp.net http php
compare .net c#,,,,
database-connection c++,c++ database,c++ qt,c++ qt,c++ database qt
audio objective-c,audio,,,audio
asp.net c# validation,,,,
probability-theory homework,,,,
http sockets c#,http,http,http,http
2d nullpointerexception java,arrays java,java,java,arrays java
linq c#-4.0 dynamic c#,c# linq,c#,c# linq,c# linq
highlight div flash jquery,css html javascript jquery,css jquery,css jquery,css html javascript jquery
sharedpreferences android,,,,
automation jenkins,jenkins user,,,jenkins user
jaxb json,json,,,json
wpf,c# memory-management objective-c wpf,,wpf,c# ios memory-management objective-c wpf
ruby-on-rails,c#,,,c#
sql database query,sql,,sql,sql
treeview .net-3.5 winforms c#,.net c# winforms,,c#,.net c# winforms
xib osx-lion xcode iphone,xcode,,,xcode
debian,debian python,python,python,debian python
internet-explorer-6 combobox jquery,jquery,javascript,jquery,javascript jquery
silverlight wcf asp.net,asp.net silverlight xml,asp.net c# wcf,asp.net c# silverlight wcf,asp.net c# silverlight wcf xml
jquery,javascript jquery,javascript jquery,javascript jquery,javascript jquery
solr,solr,solr,solr,solr
svn,svn,svn,svn,svn
division mysql php,php,mysql,mysql,mysql php
redirect javascript,html javascript jquery,html javascript,html javascript,html javascript jquery
connection-pooling sockets java,,java,java,java
redis,,performance,performance,performance
expression entity-framework-4 linq c#,c# linq,c#,c#,c# linq
datepicker function php,,,,
silverlight,,,,
split object date r,,,,
licensing vb.net,vb.net,,,vb.net
cisco security,,,,
seo google search-engine internationalization,,dns,dns,dns
touch listener android,android,android,android,android
virtual-machine routing osx networking,osx,vpn,vpn,osx vpn
jsp java,,,,
entity-relationship,,,,
mfc visual-studio-2010 c++,,,,
oracle11g sql,oracle,,,function oracle
frameworks css,css,css,css,css
sql-server sql,sql xml,xml,xml,sql xml
dynamics-crm dynamics-crm-2011,dynamics-crm dynamics-crm-2011,xml,xml,dynamics-crm dynamics-crm-2011
memory serialization object c#,,,serialization,
mysql php,mysql php,mysql php sql,mysql php,mysql php
asp.net-mvc mvc,asp.net-mvc asp.net-mvc-3,,asp.net-mvc,asp.net-mvc asp.net-mvc-3
c,,,,
java,api java,,,api java
r,,,,
education c++ c,c c++,c,c c++,c c++
business,,,,
multiple-monitors .net c#,.net c#,.net c#,,.net c#
xslt xml html,xml xslt,xml xslt,xml xslt,xml
ejb remote glassfish netbeans java,,,,
image-processing,networking,,,networking
php jquery,forms html jquery php,jquery php,jquery,forms html jquery php
environment-variables ruby windows,windows,,environment-variables,windows
c#,c++,c#,c#,c# c++
jquery javascript,,javascript jquery,jquery,jquery
elementary-set-theory,,differential-geometry,,differential-geometry
scope grails dns,,grails,grails,grails
mysql,,mysql sql,sql,mysql sql
tags cross-browser internet-explorer html,,,,
binary-search-tree c,,,,c#
vector database,,mysql,mysql,arrays mysql
verbatim beamer,beamer,,,beamer
applet java,,jar,jar,jar java
maven eclipse java,maven,,,maven
gcc visual-c++ c++,c++,c++,c++ visual-studio visual-studio-2010,c++ gcc
google-maps android,android,android,android,android
mysql php,,categories sql,categories,categories sql
events javascript,javascript jquery,events javascript jquery,javascript jquery,javascript jquery
authentication devise ruby-on-rails-3,devise ruby-on-rails,ruby-on-rails,ruby-on-rails,devise ruby-on-rails ruby-on-rails-3
r,,,,
html php jquery javascript,internet-explorer,html php,html php,html internet-explorer php
,image,,,image
asp.net-mvc,,,,
google asp.net,,,search,
php,,php,php,php
php,,php,php,php
subdomain node.js asp.net-mvc asp.net,,,,
vb6,vb6,,,vb6
sql-server-2008 sql database query,mysql query sql sql-server,,,query sql sql-server
css html javascript,,html,css html,css html
homework python,python,python,python,python
mongodb django,,django python,django python,django python
cross-browser css html javascript,,,,
number-theory,,,,abstract-algebra
google-maps-api-3 eclipse google-maps android java,android google-maps google-maps-api-3 jquery,android google-maps,android google-maps,android google-maps google-maps-api-3 jquery
master-pages asp.net css,asp.net,asp.net,asp.net,asp.net
dom recursion javascript,,,,
serversocket multithreading java,,,,
web-applications,,,,
custom-field migration,,,,
actionscript-3,actionscript-3,,,actionscript-3
asp.net-mvc-2 css mvc,css,css,css,css
hardware android,,android,,android
android-layout android,android,java,java,android java
asp.net-mvc-3 asp.net-mvc jquery javascript,javascript,php,php,javascript php
webserver website,,,,
simplexml arrays xml php,arrays php,php,arrays php,arrays php
scope function variable-scope variables jquery,,jquery,,jquery
nginx,nginx,nginx,nginx,nginx
swing java,,,,
path servlets tomcat jsp,tomcat,,tomcat,tomcat
ado.net c#,,,,
,,,,
ios objective-c iphone,,iphone objective-c,iphone objective-c,ios iphone objective-c
cron,,,,
internet-explorer css,css,css jquery,css,css jquery
django-views django-templates django python,django,,,django
safari forms apple ios,image ios safari,ios,ios,image ios
django,django python,,django,django python
android-listview android-layout xml android java,android listview,android layout listview,android android-layout layout listview,android layout listview
numbers jquery,jquery,javascript jquery,javascript jquery,javascript jquery
wildcard subdomain dns .htaccess php,,,,
iphone,iphone,iphone,iphone,iphone
rest json ruby,json,,,json
tfs2010 tfs,tfs,tfs,tfs,tfs
parsing checkbox arrays html php,parsing,php,php,parsing php
spring maven eclipse project,java spring,,,java spring
apache,xslt,,,
http rest jersey delete,,java,java,java
collections java,java,java,java,java
jquery javascript,javascript,javascript,javascript,javascript
,,,,
ldap active-directory security java,,java,java,java
facebook-graph-api facebook xcode objective-c,facebook facebook-graph-api,,facebook facebook-graph-api,facebook facebook-graph-api
process unix,unix,,,unix
asp.net xml,xslt,,,xslt
node.js,c# node.js,node.js,,c# node.js
sqlite listview android java,android listview sqlite,android,android,android listview sqlite
android,,android,android,android
matrix c++,c++,,,c++
orm jpa hibernate database java,c# hibernate java,,,c# hibernate java
virtualhost apache2,apache2,apache2,apache2,apache2
sqlite couchdb database android ios,sqlite,sqlite,sqlite,sqlite
annotations hibernate java,hibernate java,hibernate java,hibernate java orm,hibernate java orm
eclipse-rcp eclipse-plugin eclipse,javascript,javascript,javascript,javascript
plone,installation,,,
asp.net-mvc asp.net,asp.net-mvc,c#,asp.net-mvc c#,asp.net asp.net-mvc c#
windows-xp,,,,
mysql php,mysql sql,mysql sql,mysql sql,mysql sql
hex casting types postgresql,c#,,,c#
vb6,,,,
xslt xml .net html c#,.net html xml xslt,,,.net html xml xslt
jquery,javascript jquery,javascript jquery,javascript jquery,javascript jquery
sqlite sqlite3,sqlite,,sqlite,sqlite
django-admin web-applications django,django django-admin,django,django,django
resolution video,video,,video,video
junit gradle unit-testing logging java,unit-testing,java,unit-testing,java unit-testing
tracking flash,flash,,actionscript-3,actionscript-3 flash
facebook android,,,,
virtual-machine multiple-monitors mouse virtualbox keyboard,,windows,windows,windows
ms-access database,,,,
dataset sql-server database .net,,,,
http,http,ruby,,http ruby
entity-framework java,.net entity-framework entity-framework-4 java,java,entity-framework java,.net entity-framework entity-framework-4 java
ipv6,,,,
wcf .net c#,sql sql-server stored-procedures wcf,sql-server sql-server-2005 wcf,sql sql-server wcf,sql sql-server stored-procedures wcf
nsurl nsxmlparser objective-c iphone,,,,
cron dns script ubuntu,,,,
facebook php,facebook facebook-graph-api,facebook facebook-graph-api php,facebook facebook-graph-api php,facebook facebook-graph-api php
memory-allocation memory air flex4 image,air,,air,air
7zip zip c#,c#,,c#,c#
angularjs,http,,,http
ruby javascript,ajax forms javascript ruby ruby-on-rails,javascript,javascript,forms javascript ruby ruby-on-rails
arrays c++,arrays,,c++,arrays c++
django,file-upload image upload,,file-upload image python,django file-upload image upload
beamer,beamer,,,beamer
syntax string html php,html php string,php,php,html php string
vb.net asp.net,,asp.net vb.net,asp.net vb.net,asp.net vb.net
sdk android,,,,
contact emulator android,android,,android,android
glassfish jms java,,java,java,java
ms-word replace c# text,c#,c# ms-word,c#,c# ms-word
c#,,c++,c++ memory,
ssrs-2008 reporting-services,sql,,,sql
mediaelement.js,audio firefox flash,firefox,firefox,audio firefox flash
cursor jpa-2.0 tsql java-ee stored-procedures,sql-server stored-procedures,eclipse eclipselink java jpa,eclipse eclipselink java jpa,eclipse eclipselink java jpa sql-server stored-procedures
solr,solr,,,solr
forms ruby-on-rails-3 ruby-on-rails,forms ruby-on-rails ruby-on-rails-3,activerecord ruby-on-rails,activerecord ruby-on-rails,activerecord forms ruby-on-rails
css3 webkit javascript ios,css3,,ios,css3
url ssl,ssl,asp.net,,ssl
ruby regex,regex,regex string,regex string,regex
download wget,download,proxy,proxy,download
iframe html javascript,,,,
live-streaming ffmpeg,android,android ffmpeg,android ffmpeg,android ffmpeg
colors message text java,,,,
knockout.js html javascript,html jquery,html jquery,html jquery,html jquery
uiwebview ios objective-c,ios iphone objective-c,android ios webview,android ios webview,android ios iphone objective-c webview
sorting ruby,ruby,,ruby,ruby
ruby-on-rails jquery,javascript jquery ruby-on-rails,jquery,jquery,javascript jquery ruby-on-rails
vb.net asp.net,asp.net,,,asp.net
maven jboss7.x,java,,java,java jboss
oop winforms c#,c# datagridview winforms,c# winforms,c# winforms,c# datagridview winforms
android-listview android-button android,android,android xml,android xml,android xml
coffeescript inline iteration,,,,arrays
java,,java,java,java
solr hosting search apache,apache apache2 solr,solr,solr,apache apache2 solr
web service iphone,iphone web-services,,iphone,iphone web-services
charts flash javascript,javascript xml,javascript,javascript xml,javascript xml
xml c++,xml,,xml,xml
xml php,java php,java xml,java xml,java php xml
oracle,oracle,,,oracle
plot vba excel,,excel,excel,excel
excel xml,excel xml,xml,xml,excel xml
python-3.x random regex python,regex,python,python,python regex
